Location,Date,Age,Length
AL,15-May-00,2,132
AL,15-May-00,2,128
AL,15-May-00,2,126
AL,19-May-98,2,130
AL,15-May-00,2,154
AL,15-May-00,2,137
AL,15-May-00,2,115
AL,15-May-00,2,125
AL,15-May-00,2,143
AL,15-May-00,2,126
AL,15-May-00,2,126
AL,15-May-00,2,136
AL,15-May-00,2,116
AL,15-May-00,2,145
AL,15-May-00,2,131
AL,15-May-00,2,118
AL,15-May-00,2,125
AL,17-May-00,2,126
AL,17-May-00,2,130
AL,17-May-00,2,148
AL,17-May-00,2,126
AL,17-May-00,2,127
AL,17-May-00,2,123
AL,17-May-00,2,138
AL,17-May-00,2,141
AL,22-May-00,2,122
AL,22-May-00,2,117
AL,22-May-00,2,125
AL,22-May-00,2,136
AL,22-May-00,2,147
AL,22-May-00,2,140
AL,26-May-00,2,
AL,26-May-00,2,
AL,26-May-00,2,
AL,26-May-00,2,
AL,26-May-00,2,
AL,26-May-00,2,
AL,2-Jun-00,2,157
AL,2-Jun-00,2,151
AL,2-Jun-00,2,120
AL,10-May-94,1,90
AL,11-May-94,1,87
AL,12-May-94,1,86
AL,13-May-94,1,90
AL,14-May-94,1,86
AL,14-May-94,1,
AL,15-May-94,1,89
AL,15-May-94,1,86
AL,15-May-94,1,92
AL,15-May-94,1,85
AL,15-May-94,1,83
AL,15-May-94,1,91
AL,15-May-94,1,
AL,15-May-94,1,
AL,16-May-94,1,89
AL,16-May-94,1,90
AL,16-May-94,1,90
AL,16-May-94,1,87
AL,17-May-94,1,98
AL,17-May-94,1,86
AL,17-May-94,1,110
AL,17-May-94,1,97
AL,17-May-94,1,98
AL,17-May-94,1,106
AL,17-May-94,1,100
AL,17-May-94,1,98
AL,17-May-94,1,101
AL,17-May-94,1,98
AL,17-May-94,1,109
AL,17-May-94,1,100
AL,17-May-94,1,91
AL,17-May-94,1,97
AL,18-May-94,1,85
AL,18-May-94,1,95
AL,18-May-94,1,97
AL,18-May-94,1,94
AL,18-May-94,1,100
AL,18-May-94,1,111
AL,18-May-94,1,109
AL,18-May-94,1,106
AL,18-May-94,1,96
AL,18-May-94,1,99
AL,19-May-94,1,89
AL,19-May-94,1,97
AL,19-May-94,1,99
AL,19-May-94,1,97
AL,19-May-94,1,102
AL,19-May-94,1,106
AL,19-May-94,1,97
AL,19-May-94,1,93
AL,19-May-94,1,100
AL,19-May-94,1,106
AL,20-May-94,1,78
AL,20-May-94,1,83
AL,20-May-94,1,84
AL,20-May-94,1,88
AL,20-May-94,1,93
AL,20-May-94,1,101
AL,20-May-94,1,108
AL,21-May-94,1,83
AL,21-May-94,1,88
AL,21-May-94,1,85
AL,21-May-94,1,83
AL,21-May-94,1,86
AL,21-May-94,1,90
AL,23-May-94,1,89
AL,24-May-94,1,89
AL,24-May-94,1,85
AL,24-May-94,1,94
AL,24-May-94,1,103
AL,24-May-94,1,107
AL,24-May-94,1,101
AL,24-May-94,1,96
AL,24-May-94,1,101
AL,24-May-94,1,95
AL,24-May-94,1,110
AL,25-May-94,1,88
AL,25-May-94,1,88
AL,25-May-94,1,84
AL,25-May-94,1,96
AL,25-May-94,1,102
AL,25-May-94,1,107
AL,25-May-94,1,108
AL,25-May-94,1,105
AL,25-May-94,1,98
AL,25-May-94,1,100
AL,25-May-94,1,107
AL,26-May-94,1,91
AL,26-May-94,1,99
AL,26-May-94,1,97
AL,26-May-94,1,97
AL,26-May-94,1,99
AL,26-May-94,1,109
AL,26-May-94,1,108
AL,26-May-94,1,97
AL,26-May-94,1,108
AL,26-May-94,1,107
AL,27-May-94,1,86
AL,27-May-94,1,104
AL,27-May-94,1,109
AL,27-May-94,1,95
AL,27-May-94,1,96
AL,27-May-94,1,102
AL,28-May-94,1,88
AL,1-Jun-94,1,88
AL,2-May-95,2,152
AL,2-May-95,2,144
AL,4-May-95,2,117
AL,4-May-95,2,121
AL,4-May-95,2,139
AL,4-May-95,2,169
AL,9-May-95,2,173
AL,12-May-95,2,114
AL,12-May-95,2,126
AL,12-May-95,2,121
AL,13-May-95,2,124
AL,13-May-95,2,123
AL,15-May-95,2,116
AL,15-May-95,2,122
AL,15-May-95,2,133
AL,15-May-95,2,137
AL,15-May-95,2,133
AL,15-May-95,2,119
AL,15-May-95,2,129
AL,15-May-95,2,123
AL,15-May-95,2,125
AL,15-May-95,2,124
AL,15-May-95,2,118
AL,15-May-95,2,124
AL,15-May-95,2,123
AL,15-May-95,2,134
AL,15-May-95,2,124
AL,15-May-95,2,126
AL,15-May-95,2,124
AL,15-May-95,2,125
AL,15-May-95,2,123
AL,16-May-95,2,158
AL,17-May-95,2,132
AL,17-May-95,2,126
AL,17-May-95,2,127
AL,17-May-95,2,135
AL,17-May-95,2,142
AL,17-May-95,2,129
AL,18-May-95,2,138
AL,18-May-95,2,123
AL,18-May-95,2,119
AL,18-May-95,2,138
AL,21-May-95,2,133
AL,21-May-95,2,130
AL,22-May-95,2,134
AL,22-May-95,2,132
AL,22-May-95,2,133
AL,23-May-95,2,124
AL,24-May-95,2,94
AL,24-May-95,2,130
AL,25-May-95,2,127
AL,26-May-95,2,125
AL,28-May-95,2,117
AL,31-May-95,2,107
AL,5-Jun-95,2,116
AL,14-May-97,2,140
AL,14-May-97,2,150
AL,14-May-97,2,141
AL,15-May-97,2,134
AL,17-May-97,2,137
AL,17-May-97,2,130
AL,19-May-97,2,130
AL,20-May-97,2,128
AL,21-May-97,2,132
AL,22-May-97,2,132
AL,23-May-97,2,134
AL,19-May-98,1,114
AL,19-May-98,1,120
AL,19-May-98,1,93
AL,19-May-98,1,102
AL,19-May-98,1,123
AL,19-May-98,1,103
AL,19-May-98,1,121
AL,19-May-98,1,116
AL,19-May-98,1,125
AL,19-May-98,1,93
AL,19-May-98,1,97
AL,19-May-98,1,115
AL,19-May-98,1,100
AL,19-May-98,1,121
AL,19-May-98,1,123
AL,19-May-98,1,92
AL,19-May-98,1,95
AL,19-May-98,1,97
AL,19-May-98,1,110
AL,19-May-98,1,120
AL,19-May-98,1,129
AL,19-May-98,1,115
AL,19-May-98,1,123
AL,19-May-98,1,107
AL,19-May-98,1,117
AL,19-May-98,1,133
AL,19-May-98,1,123
AL,19-May-98,1,118
AL,19-May-98,1,125
AL,19-May-98,1,110
AL,19-May-98,1,115
AL,19-May-98,1,129
AL,19-May-98,1,90
AL,19-May-98,1,132
AL,19-May-98,1,89
AL,19-May-98,1,115
AL,19-May-98,1,129
AL,19-May-98,1,111
AL,19-May-98,1,104
AL,19-May-98,1,88
AL,19-May-98,1,92
AL,19-May-98,1,97
AL,19-May-98,1,100
AL,21-May-98,1,129
AL,21-May-98,1,119
AL,21-May-98,1,115
AL,21-May-98,1,125
AL,21-May-98,1,120
AL,21-May-98,1,104
AL,21-May-98,1,104
AL,21-May-98,1,112
AL,21-May-98,1,115
AL,21-May-98,1,112
AL,21-May-98,1,121
AL,21-May-98,1,104
AL,21-May-98,1,92
AL,21-May-98,1,125
AL,21-May-98,1,117
AL,21-May-98,1,121
AL,21-May-98,1,130
AL,21-May-98,1,123
AL,21-May-98,1,124
AL,21-May-98,1,98
AL,21-May-98,1,125
AL,21-May-98,1,126
AL,21-May-98,1,102
AL,21-May-98,1,116
AL,21-May-98,1,98
AL,21-May-98,1,99
AL,21-May-98,1,99
AL,21-May-98,1,94
AL,21-May-98,1,121
AL,21-May-98,1,100
AL,21-May-98,1,94
AL,21-May-98,1,103
AL,21-May-98,1,130
AL,21-May-98,1,120
AL,21-May-98,1,117
AL,21-May-98,1,93
AL,21-May-98,1,120
AL,21-May-98,1,121
AL,21-May-98,1,121
AL,21-May-98,1,98
AL,21-May-98,1,134
AL,21-May-98,1,115
AL,21-May-98,1,105
AL,21-May-98,1,135
BR,8-May-00,1,116
BR,8-May-00,1,91
BR,8-May-00,1,89
BR,8-May-00,1,87
BR,8-May-00,1,82
BR,11-May-00,1,84
BR,12-May-00,1,91
BR,12-May-00,1,86
BR,13-May-00,1,101
BR,13-May-00,1,107
BR,13-May-00,1,107
BR,14-May-00,1,94
BR,14-May-00,1,102
BR,15-May-00,1,105
BR,15-May-00,1,90
BR,15-May-00,1,107
BR,15-May-00,1,91
BR,15-May-00,1,91
BR,15-May-00,1,100
BR,15-May-00,1,97
BR,16-May-00,1,93
BR,16-May-00,1,91
BR,16-May-00,1,101
BR,16-May-00,1,97
BR,16-May-00,1,109
BR,16-May-00,1,94
BR,17-May-00,1,113
BR,17-May-00,1,
BR,17-May-00,1,95
BR,17-May-00,1,88
BR,17-May-00,1,105
BR,17-May-00,1,96
BR,17-May-00,1,103
BR,18-May-00,1,97
BR,18-May-00,1,99
BR,18-May-00,1,81
BR,18-May-00,1,95
BR,18-May-00,1,91
BR,18-May-00,1,98
BR,18-May-00,1,97
BR,18-May-00,1,105
BR,18-May-00,1,95
BR,18-May-00,1,87
BR,18-May-00,1,95
BR,18-May-00,1,91
BR,18-May-00,1,102
BR,18-May-00,1,94
BR,19-May-00,1,92
BR,19-May-00,1,103
BR,19-May-00,1,90
BR,19-May-00,1,89
BR,19-May-00,1,105
BR,19-May-00,1,97
BR,19-May-00,1,99
BR,19-May-00,1,104
BR,19-May-00,1,103
BR,19-May-00,1,95
BR,19-May-00,1,84
BR,19-May-00,1,102
BR,19-May-00,1,90
BR,19-May-00,1,95
BR,19-May-00,1,92
BR,19-May-00,1,91
BR,19-May-00,1,85
BR,20-May-00,1,95
BR,20-May-00,1,92
BR,20-May-00,1,113
BR,20-May-00,1,97
BR,20-May-00,1,97
BR,20-May-00,1,106
BR,20-May-00,1,98
BR,20-May-00,1,92
BR,20-May-00,1,89
BR,21-May-00,1,106
BR,22-May-00,1,92
BR,22-May-00,1,100
BR,23-May-00,1,87
BR,23-May-00,1,108
BR,23-May-00,1,107
BR,23-May-00,1,90
BR,23-May-00,1,88
BR,24-May-00,1,95
BR,24-May-00,1,92
BR,24-May-00,1,91
BR,24-May-00,1,94
BR,24-May-00,1,100
BR,24-May-00,1,94
BR,25-May-00,1,87
BR,25-May-00,1,94
BR,25-May-00,1,88
BR,25-May-00,1,97
BR,25-May-00,1,117
BR,25-May-00,1,90
BR,26-May-00,1,102
BR,26-May-00,1,113
BR,26-May-00,1,97
BR,26-May-00,1,98
BR,26-May-00,1,92
BR,26-May-00,1,117
BR,27-May-00,1,92
BR,27-May-00,1,103
BR,27-May-00,1,108
BR,27-May-00,1,105
BR,27-May-00,1,98
BR,27-May-00,1,101
BR,27-May-00,1,96
BR,27-May-00,1,88
BR,28-May-00,1,116
BR,28-May-00,1,113
BR,28-May-00,1,125
BR,28-May-00,1,92
BR,28-May-00,1,93
BR,28-May-00,1,97
BR,28-May-00,1,96
BR,29-May-00,1,85
BR,29-May-00,1,94
BR,29-May-00,1,95
BR,29-May-00,1,109
BR,29-May-00,1,94
BR,29-May-00,1,97
BR,29-May-00,1,91
BR,30-May-00,1,90
BR,30-May-00,1,95
BR,30-May-00,1,98
BR,30-May-00,1,97
BR,30-May-00,1,101
BR,30-May-00,1,98
BR,30-May-00,1,100
BR,30-May-00,1,101
BR,30-May-00,1,101
BR,30-May-00,1,92
BR,30-May-00,1,96
BR,1-Jun-00,1,98
BR,1-Jun-00,1,95
BR,1-Jun-00,1,107
BR,1-Jun-00,1,100
BR,1-Jun-00,1,112
BR,1-Jun-00,1,94
BR,1-Jun-00,1,105
BR,1-Jun-00,1,112
BR,1-Jun-00,1,100
BR,1-Jun-00,1,96
BR,1-Jun-00,1,95
BR,1-Jun-00,1,90
BR,1-Jun-00,1,106
BR,1-Jun-00,1,100
BR,2-Jun-00,1,100
BR,2-Jun-00,1,100
BR,2-Jun-00,1,105
BR,2-Jun-00,1,104
BR,2-Jun-00,1,102
BR,2-Jun-00,1,102
BR,2-Jun-00,1,95
BR,2-Jun-00,1,98
BR,2-Jun-00,1,97
BR,2-Jun-00,1,107
BR,3-Jun-00,1,108
BR,3-Jun-00,1,99
BR,3-Jun-00,1,100
BR,3-Jun-00,1,96
BR,3-Jun-00,1,110
BR,3-Jun-00,1,110
BR,3-Jun-00,1,97
BR,3-Jun-00,1,112
BR,3-Jun-00,1,111
BR,3-Jun-00,1,105
BR,4-Jun-00,1,99
BR,4-Jun-00,1,107
BR,4-Jun-00,1,100
BR,4-Jun-00,1,105
BR,4-Jun-00,1,105
BR,4-Jun-00,1,108
BR,4-Jun-00,1,97
BR,4-Jun-00,1,105
BR,4-Jun-00,1,97
BR,4-Jun-00,1,95
BR,5-Jun-00,1,86
BR,5-Jun-00,1,110
BR,5-Jun-00,1,95
BR,5-Jun-00,1,102
BR,5-Jun-00,1,96
BR,5-Jun-00,1,104
BR,5-Jun-00,1,97
BR,5-Jun-00,1,106
BR,5-Jun-00,1,105
BR,5-Jun-00,1,99
BR,6-Jun-00,1,98
BR,6-Jun-00,1,98
BR,6-Jun-00,1,109
BR,6-Jun-00,1,96
BR,6-Jun-00,1,106
BR,6-Jun-00,1,100
BR,6-Jun-00,1,101
BR,6-Jun-00,1,103
BR,6-Jun-00,1,104
BR,6-Jun-00,1,97
BR,7-Jun-00,1,98
BR,7-Jun-00,1,105
BR,7-Jun-00,1,111
BR,7-Jun-00,1,105
BR,7-Jun-00,1,104
BR,7-Jun-00,1,
BR,7-Jun-00,1,96
BR,7-Jun-00,1,110
BR,7-Jun-00,1,94
BR,7-Jun-00,1,100
BR,11-May-00,2,110
BR,12-May-00,2,105
BR,13-May-00,2,105
BR,13-May-00,2,120
BR,14-May-00,2,118
BR,14-May-00,2,116
BR,14-May-00,2,114
BR,14-May-00,2,101
BR,15-May-00,2,115
BR,16-May-00,2,117
BR,16-May-00,2,113
BR,16-May-00,2,100
BR,17-May-00,2,101
BR,17-May-00,2,113
BR,18-May-00,2,110
BR,18-May-00,2,130
BR,18-May-00,2,115
BR,18-May-00,2,105
BR,19-May-00,2,112
BR,19-May-00,2,107
BR,19-May-00,2,110
BR,19-May-00,2,105
BR,19-May-00,2,103
BR,19-May-00,2,122
BR,19-May-00,2,104
BR,20-May-00,2,121
BR,21-May-00,2,111
BR,21-May-00,2,111
BR,21-May-00,2,110
BR,21-May-00,2,112
BR,21-May-00,2,109
BR,22-May-00,2,108
BR,22-May-00,2,107
BR,22-May-00,2,116
BR,23-May-00,2,119
BR,23-May-00,2,123
BR,24-May-00,2,115
BR,24-May-00,2,117
BR,24-May-00,2,113
BR,24-May-00,2,121
BR,25-May-00,2,115
BR,25-May-00,2,116
BR,25-May-00,2,118
BR,25-May-00,2,107
BR,26-May-00,2,101
BR,26-May-00,2,109
BR,26-May-00,2,123
BR,26-May-00,2,113
BR,27-May-00,2,106
BR,27-May-00,2,112
BR,27-May-00,2,115
BR,27-May-00,2,104
BR,28-May-00,2,117
BR,28-May-00,2,113
BR,28-May-00,2,104
BR,29-May-00,2,120
BR,29-May-00,2,115
BR,29-May-00,2,117
BR,15-May-01,1,98
BR,15-May-01,1,90
BR,15-May-01,1,100
BR,15-May-01,1,109
BR,15-May-01,1,115
BR,15-May-01,1,111
BR,16-May-01,1,115
BR,16-May-01,1,90
BR,16-May-01,1,121
BR,16-May-01,1,93
BR,16-May-01,1,100
BR,16-May-01,1,108
BR,17-May-01,1,91
BR,17-May-01,1,93
BR,17-May-01,1,122
BR,17-May-01,1,92
BR,17-May-01,1,92
BR,18-May-01,1,95
BR,18-May-01,1,110
BR,18-May-01,1,90
BR,18-May-01,1,100
BR,18-May-01,1,111
BR,18-May-01,1,82
BR,19-May-01,1,101
BR,19-May-01,1,91
BR,19-May-01,1,103
BR,19-May-01,1,95
BR,19-May-01,1,90
BR,19-May-01,1,88
BR,19-May-01,1,89
BR,19-May-01,1,105
BR,19-May-01,1,92
BR,19-May-01,1,98
BR,20-May-01,1,96
BR,20-May-01,1,90
BR,20-May-01,1,90
BR,20-May-01,1,114
BR,20-May-01,1,109
BR,21-May-01,1,97
BR,21-May-01,1,100
BR,21-May-01,1,97
BR,21-May-01,1,96
BR,21-May-01,1,98
BR,21-May-01,1,95
BR,21-May-01,1,101
BR,21-May-01,1,118
BR,21-May-01,1,95
BR,22-May-01,1,95
BR,22-May-01,1,105
BR,22-May-01,1,87
BR,22-May-01,1,94
BR,22-May-01,1,92
BR,22-May-01,1,112
BR,22-May-01,1,96
BR,22-May-01,1,88
BR,22-May-01,1,106
BR,22-May-01,1,101
BR,22-May-01,1,106
BR,22-May-01,1,105
BR,22-May-01,1,96
BR,22-May-01,1,108
BR,22-May-01,1,111
BR,22-May-01,1,118
BR,22-May-01,1,84
BR,23-May-01,1,91
BR,23-May-01,1,112
BR,23-May-01,1,100
BR,23-May-01,1,88
BR,23-May-01,1,97
BR,25-May-01,1,105
BR,25-May-01,1,92
BR,25-May-01,1,99
BR,25-May-01,1,119
BR,26-May-01,1,93
BR,26-May-01,1,119
BR,26-May-01,1,110
BR,26-May-01,1,97
BR,27-May-01,1,93
BR,27-May-01,1,101
BR,27-May-01,1,90
BR,27-May-01,1,
BR,27-May-01,1,97
BR,27-May-01,1,95
BR,28-May-01,1,102
BR,28-May-01,1,84
BR,28-May-01,1,87
BR,28-May-01,1,86
BR,28-May-01,1,80
BR,28-May-01,1,102
BR,28-May-01,1,87
BR,28-May-01,1,96
BR,29-May-01,1,89
BR,29-May-01,1,104
BR,29-May-01,1,86
BR,29-May-01,1,
BR,29-May-01,1,95
BR,29-May-01,1,91
BR,29-May-01,1,100
BR,29-May-01,1,112
BR,29-May-01,1,116
BR,29-May-01,1,93
BR,29-May-01,1,93
BR,30-May-01,1,95
BR,30-May-01,1,106
BR,30-May-01,1,87
BR,30-May-01,1,105
BR,30-May-01,1,93
BR,30-May-01,1,97
BR,30-May-01,1,87
BR,30-May-01,1,89
BR,1-Jun-01,1,92
BR,1-Jun-01,1,101
BR,1-Jun-01,1,93
BR,1-Jun-01,1,98
BR,1-Jun-01,1,94
BR,1-Jun-01,1,100
BR,1-Jun-01,1,95
BR,1-Jun-01,1,104
BR,1-Jun-01,1,85
BR,1-Jun-01,1,90
BR,1-Jun-01,1,93
BR,1-Jun-01,1,92
BR,1-Jun-01,1,82
BR,2-Jun-01,1,90
BR,3-Jun-01,1,86
BR,3-Jun-01,1,89
BR,3-Jun-01,1,91
BR,3-Jun-01,1,103
BR,3-Jun-01,1,102
BR,4-Jun-01,1,100
BR,4-Jun-01,1,95
BR,4-Jun-01,1,90
BR,4-Jun-01,1,97
BR,4-Jun-01,1,91
BR,5-Jun-01,1,94
BR,5-Jun-01,1,96
BR,5-Jun-01,1,86
BR,5-Jun-01,1,98
BR,6-Jun-01,1,82
BR,6-Jun-01,1,95
BR,6-Jun-01,1,97
BR,6-Jun-01,1,103
BR,6-Jun-01,1,94
BR,6-Jun-01,1,95
BR,7-Jun-01,1,94
BR,7-Jun-01,1,97
BR,7-Jun-01,1,94
BR,7-Jun-01,1,96
BR,7-Jun-01,1,88
BR,7-Jun-01,1,83
BR,8-Jun-01,1,90
BR,8-Jun-01,1,107
BR,8-Jun-01,1,98
BR,8-Jun-01,1,96
BR,8-Jun-01,1,87
BR,8-Jun-01,1,94
BR,9-Jun-01,1,97
BR,9-Jun-01,1,97
BR,9-Jun-01,1,89
BR,14-May-01,2,114
BR,14-May-01,2,113
BR,15-May-01,2,112
BR,15-May-01,2,120
BR,15-May-01,2,115
BR,15-May-01,2,135
BR,15-May-01,2,108
BR,15-May-01,2,107
BR,16-May-01,2,113
BR,16-May-01,2,126
BR,16-May-01,2,117
BR,16-May-01,2,131
BR,16-May-01,2,125
BR,16-May-01,2,110
BR,16-May-01,2,113
BR,16-May-01,2,112
BR,16-May-01,2,110
BR,16-May-01,2,127
BR,16-May-01,2,124
BR,16-May-01,2,111
BR,16-May-01,2,117
BR,16-May-01,2,119
BR,17-May-01,2,111
BR,17-May-01,2,107
BR,18-May-01,2,125
BR,18-May-01,2,118
BR,18-May-01,2,110
BR,18-May-01,2,112
BR,18-May-01,2,112
BR,19-May-01,2,116
BR,19-May-01,2,116
BR,19-May-01,2,116
BR,19-May-01,2,120
BR,19-May-01,2,111
BR,19-May-01,2,111
BR,19-May-01,2,103
BR,19-May-01,2,115
BR,20-May-01,2,101
BR,20-May-01,2,120
BR,20-May-01,2,120
BR,21-May-01,2,113
BR,21-May-01,2,118
BR,21-May-01,2,108
BR,21-May-01,2,115
BR,21-May-01,2,116
BR,21-May-01,2,116
BR,22-May-01,2,97
BR,22-May-01,2,113
BR,22-May-01,2,102
BR,22-May-01,2,111
BR,23-May-01,2,118
BR,25-May-01,2,112
BR,25-May-01,2,116
BR,26-May-01,2,111
BR,26-May-01,2,116
BR,28-May-01,2,108
BR,28-May-01,2,128
BR,29-May-01,2,116
BR,30-May-01,2,117
BR,3-Jun-01,2,104
BR,4-Jun-01,2,121
BR,26-May-02,1,78
BR,26-May-02,1,63
BR,27-May-02,1,86
BR,27-May-02,1,103
BR,27-May-02,1,92
BR,28-May-02,1,95
BR,28-May-02,1,85
BR,28-May-02,1,85
BR,29-May-02,1,93
BR,29-May-02,1,97
BR,29-May-02,1,84
BR,30-May-02,1,108
BR,30-May-02,1,101
BR,30-May-02,1,93
BR,30-May-02,1,92
BR,30-May-02,1,93
BR,30-May-02,1,84
BR,31-May-02,1,95
BR,31-May-02,1,99
BR,31-May-02,1,84
BR,1-Jun-02,1,91
BR,1-Jun-02,1,85
BR,1-Jun-02,1,91
BR,2-Jun-02,1,87
BR,2-Jun-02,1,93
BR,2-Jun-02,1,102
BR,2-Jun-02,1,114
BR,3-Jun-02,1,87
BR,3-Jun-02,1,92
BR,3-Jun-02,1,107
BR,4-Jun-02,1,83
BR,4-Jun-02,1,91
BR,4-Jun-02,1,104
BR,5-Jun-02,1,86
BR,5-Jun-02,1,89
BR,5-Jun-02,1,96
BR,5-Jun-02,1,95
BR,5-Jun-02,1,105
BR,5-Jun-02,1,106
BR,6-Jun-02,1,93
BR,6-Jun-02,1,87
BR,6-Jun-02,1,98
BR,6-Jun-02,1,101
BR,7-Jun-02,1,93
BR,7-Jun-02,1,97
BR,7-Jun-02,1,100
BR,7-Jun-02,1,105
BR,7-Jun-02,1,100
BR,7-Jun-02,1,98
BR,8-Jun-02,1,100
BR,8-Jun-02,1,102
BR,8-Jun-02,1,105
BR,8-Jun-02,1,110
BR,9-Jun-02,1,91
BR,9-Jun-02,1,91
BR,9-Jun-02,1,97
BR,9-Jun-02,1,100
BR,9-Jun-02,1,104
BR,9-Jun-02,1,102
BR,10-Jun-02,1,98
BR,10-Jun-02,1,104
BR,10-Jun-02,1,99
BR,10-Jun-02,1,96
BR,10-Jun-02,1,99
BR,11-Jun-02,1,92
BR,11-Jun-02,1,92
BR,11-Jun-02,1,99
BR,11-Jun-02,1,100
BR,11-Jun-02,1,106
BR,11-Jun-02,1,101
BR,13-Jun-02,1,93
BR,13-Jun-02,1,96
BR,13-Jun-02,1,99
BR,13-Jun-02,1,94
BR,13-Jun-02,1,100
BR,13-Jun-02,1,100
BR,14-May-02,1,77
BR,14-May-02,1,76
BR,16-May-02,1,74
BR,16-May-02,1,66
BR,17-May-02,1,68
BR,17-May-02,1,60
BR,23-May-02,1,100
BR,23-May-02,1,99
BR,24-May-02,1,110
BR,24-May-02,1,99
BR,25-May-02,1,112
BR,25-May-02,1,118
BR,25-May-02,1,110
BR,25-May-02,1,95
BR,25-May-02,1,91
BR,26-May-02,1,66
BR,26-May-02,1,116
BR,26-May-02,1,88
BR,26-May-02,1,95
BR,26-May-02,1,111
BR,26-May-02,1,84
BR,26-May-02,1,107
BR,26-May-02,1,99
BR,26-May-02,1,96
BR,26-May-02,2,135
BR,26-May-02,2,109
BR,26-May-02,2,115
BR,26-May-02,2,115
BR,26-May-02,2,115
BR,26-May-02,2,115
BR,27-May-02,2,105
BR,27-May-02,2,114
BR,28-May-02,2,115
BR,28-May-02,2,110
BR,28-May-02,2,107
BR,29-May-02,2,110
BR,29-May-02,2,112
BR,29-May-02,2,110
BR,29-May-02,2,100
BR,31-May-02,2,112
BR,31-May-02,2,106
BR,31-May-02,2,103
BR,31-May-02,2,109
BR,31-May-02,2,97
BR,1-Jun-02,2,109
BR,1-Jun-02,2,109
BR,1-Jun-02,2,96
BR,2-Jun-02,2,107
BR,2-Jun-02,2,107
BR,3-Jun-02,2,109
BR,3-Jun-02,2,115
BR,3-Jun-02,2,113
BR,3-Jun-02,2,104
BR,4-Jun-02,2,109
BR,4-Jun-02,2,108
BR,6-Jun-02,2,109
BR,6-Jun-02,2,114
BR,10-Jun-02,2,102
BR,10-Jun-02,2,93
BR,21-May-02,2,121
BR,22-May-02,2,111
BR,22-May-02,2,121
BR,22-May-02,2,107
BR,22-May-02,2,118
BR,22-May-02,2,116
BR,22-May-02,2,138
BR,23-May-02,2,105
BR,23-May-02,2,135
BR,23-May-02,2,135
BR,23-May-02,2,107
BR,23-May-02,2,130
BR,23-May-02,2,111
BR,23-May-02,2,121
BR,23-May-02,2,111
BR,23-May-02,2,113
BR,23-May-02,2,119
BR,23-May-02,2,128
BR,23-May-02,2,120
BR,23-May-02,2,119
BR,23-May-02,2,107
BR,24-May-02,2,104
BR,24-May-02,2,130
BR,24-May-02,2,106
BR,24-May-02,2,118
BR,24-May-02,2,108
BR,24-May-02,2,110
BR,24-May-02,2,127
BR,24-May-02,2,116
BR,24-May-02,2,105
BR,24-May-02,2,127
BR,24-May-02,2,117
BR,24-May-02,2,111
BR,24-May-02,2,119
BR,24-May-02,2,104
BR,24-May-02,2,129
BR,24-May-02,2,117
BR,24-May-02,2,112
BR,24-May-02,2,106
BR,24-May-02,2,128
BR,24-May-02,2,116
BR,24-May-02,2,111
BR,24-May-02,2,108
BR,24-May-02,2,111
BR,24-May-02,2,115
BR,25-May-02,2,98
BR,25-May-02,2,116
BR,25-May-02,2,99
BR,25-May-02,2,112
BR,25-May-02,2,116
BR,25-May-02,2,115
BR,25-May-02,2,118
BR,25-May-02,2,123
BR,25-May-02,2,115
BR,25-May-02,2,120
BR,25-May-02,2,116
BR,25-May-02,2,101
BR,25-May-02,2,107
BR,25-May-02,2,136
BR,25-May-02,2,104
BR,25-May-02,2,104
BR,25-May-02,2,145
BR,26-May-02,2,129
BR,26-May-02,2,112
BR,26-May-02,2,100
BR,26-May-02,2,105
BR,26-May-02,2,97
BR,26-May-02,2,108
BR,26-May-02,2,111
BR,26-May-02,2,120
BR,26-May-02,2,110
BR,26-May-02,2,125
BR,26-May-02,2,115
BR,26-May-02,2,107
BR,26-May-02,2,118
BR,26-May-02,2,113
BR,26-May-02,2,107
BR,26-May-02,2,111
BR,26-May-02,2,113
BR,26-May-02,2,113
BR,26-May-02,2,111
BR,26-May-02,2,111
BR,26-May-02,2,104
BR,26-May-02,2,116
BR,26-May-02,2,102
BR,26-May-02,2,109
BR,26-May-02,2,117
BR,26-May-02,2,123
BR,26-May-02,2,104
BR,26-May-02,2,105
BR,26-May-02,2,118
BR,26-May-02,2,126
BR,26-May-02,2,106
BR,26-May-02,2,108
BR,26-May-02,2,102
BR,26-May-02,2,112
BR,26-May-02,2,107
BR,26-May-02,2,119
BR,26-May-02,2,96
BR,26-May-02,2,97
BR,25-May-02,3,139
BR,14-May-03,1,102
BR,18-May-03,1,110
BR,19-May-03,1,77
BR,19-May-03,1,114
BR,21-May-03,1,87
BR,21-May-03,1,97
BR,21-May-03,1,104
BR,21-May-03,1,113
BR,21-May-03,1,106
BR,21-May-03,1,109
BR,21-May-03,1,93
BR,21-May-03,1,103
BR,21-May-03,1,116
BR,22-May-03,1,84
BR,22-May-03,1,64
BR,22-May-03,1,96
BR,22-May-03,1,101
BR,23-May-03,1,117
BR,23-May-03,1,96
BR,23-May-03,1,99
BR,23-May-03,1,107
BR,23-May-03,1,94
BR,23-May-03,1,116
BR,23-May-03,1,82
BR,24-May-03,1,89
BR,24-May-03,1,88
BR,24-May-03,1,100
BR,24-May-03,1,97
BR,25-May-03,1,94
BR,25-May-03,1,95
BR,25-May-03,1,87
BR,25-May-03,1,88
BR,25-May-03,1,96
BR,26-May-03,1,90
BR,26-May-03,1,92
BR,26-May-03,1,104
BR,26-May-03,1,102
BR,26-May-03,1,116
BR,27-May-03,1,96
BR,27-May-03,1,89
BR,27-May-03,1,99
BR,27-May-03,1,104
BR,27-May-03,1,89
BR,27-May-03,1,92
BR,27-May-03,1,104
BR,27-May-03,1,105
BR,28-May-03,1,101
BR,28-May-03,1,95
BR,28-May-03,1,99
BR,28-May-03,1,95
BR,28-May-03,1,93
BR,28-May-03,1,104
BR,28-May-03,1,95
BR,28-May-03,1,106
BR,29-May-03,1,91
BR,29-May-03,1,111
BR,29-May-03,1,110
BR,29-May-03,1,115
BR,29-May-03,1,94
BR,29-May-03,1,93
BR,30-May-03,1,100
BR,30-May-03,1,99
BR,30-May-03,1,96
BR,30-May-03,1,99
BR,30-May-03,1,106
BR,30-May-03,1,99
BR,30-May-03,1,104
BR,30-May-03,1,101
BR,30-May-03,1,101
BR,30-May-03,1,92
BR,30-May-03,1,99
BR,30-May-03,1,103
BR,30-May-03,1,97
BR,30-May-03,1,99
BR,30-May-03,1,103
BR,30-May-03,1,102
BR,30-May-03,1,95
BR,30-May-03,1,101
BR,30-May-03,1,93
BR,30-May-03,1,100
BR,30-May-03,1,99
BR,30-May-03,1,93
BR,30-May-03,1,111
BR,30-May-03,1,97
BR,30-May-03,1,88
BR,30-May-03,1,83
BR,30-May-03,1,100
BR,31-May-03,1,109
BR,31-May-03,1,98
BR,31-May-03,1,102
BR,31-May-03,1,102
BR,31-May-03,1,99
BR,31-May-03,1,102
BR,31-May-03,1,94
BR,31-May-03,1,104
BR,31-May-03,1,99
BR,31-May-03,1,100
BR,31-May-03,1,96
BR,31-May-03,1,108
BR,31-May-03,1,90
BR,31-May-03,1,92
BR,31-May-03,1,104
BR,31-May-03,1,99
BR,1-Jun-03,1,99
BR,1-Jun-03,1,99
BR,1-Jun-03,1,94
BR,1-Jun-03,1,93
BR,1-Jun-03,1,103
BR,1-Jun-03,1,96
BR,1-Jun-03,1,101
BR,1-Jun-03,1,108
BR,1-Jun-03,1,87
BR,1-Jun-03,1,90
BR,1-Jun-03,1,100
BR,1-Jun-03,1,97
BR,1-Jun-03,1,91
BR,1-Jun-03,1,82
BR,1-Jun-03,1,90
BR,1-Jun-03,1,94
BR,1-Jun-03,1,102
BR,1-Jun-03,1,100
BR,2-Jun-03,1,114
BR,2-Jun-03,1,110
BR,2-Jun-03,1,107
BR,2-Jun-03,1,98
BR,2-Jun-03,1,101
BR,2-Jun-03,1,99
BR,2-Jun-03,1,96
BR,2-Jun-03,1,94
BR,2-Jun-03,1,90
BR,3-Jun-03,1,91
BR,3-Jun-03,1,111
BR,3-Jun-03,1,100
BR,3-Jun-03,1,91
BR,3-Jun-03,1,97
BR,3-Jun-03,1,97
BR,3-Jun-03,1,109
BR,3-Jun-03,1,103
BR,3-Jun-03,1,103
BR,3-Jun-03,1,99
BR,3-Jun-03,1,88
BR,3-Jun-03,1,90
BR,4-Jun-03,1,106
BR,4-Jun-03,1,103
BR,4-Jun-03,1,107
BR,4-Jun-03,1,99
BR,4-Jun-03,1,96
BR,4-Jun-03,1,84
BR,5-Jun-03,1,104
BR,5-Jun-03,1,94
BR,5-Jun-03,1,106
BR,5-Jun-03,1,103
BR,5-Jun-03,1,102
BR,5-Jun-03,1,95
BR,6-Jun-03,1,104
BR,6-Jun-03,1,
BR,6-Jun-03,1,97
BR,6-Jun-03,1,112
BR,6-Jun-03,1,110
BR,6-Jun-03,1,103
BR,6-Jun-03,1,98
BR,6-Jun-03,1,100
BR,6-Jun-03,1,96
BR,7-Jun-03,1,92
BR,7-Jun-03,1,90
BR,7-Jun-03,1,93
BR,7-Jun-03,1,105
BR,7-Jun-03,1,
BR,7-Jun-03,1,104
BR,7-Jun-03,1,85
BR,7-Jun-03,1,98
BR,7-Jun-03,1,85
BR,9-Jun-03,1,95
BR,9-Jun-03,1,94
BR,9-Jun-03,1,95
BR,9-Jun-03,1,92
BR,9-Jun-03,1,98
BR,9-Jun-03,1,75
BR,9-Jun-03,1,101
BR,9-Jun-03,1,92
BR,10-Jun-03,1,89
BR,10-Jun-03,1,99
BR,10-Jun-03,1,88
BR,10-May-03,2,118
BR,12-May-03,2,122
BR,14-May-03,2,113
BR,14-May-03,2,124
BR,14-May-03,2,114
BR,14-May-03,2,125
BR,14-May-03,2,131
BR,14-May-03,2,106
BR,14-May-03,2,114
BR,14-May-03,2,118
BR,14-May-03,2,110
BR,14-May-03,2,105
BR,14-May-03,2,116
BR,14-May-03,2,118
BR,15-May-03,2,127
BR,15-May-03,2,123
BR,15-May-03,2,127
BR,15-May-03,2,120
BR,15-May-03,2,114
BR,15-May-03,2,115
BR,15-May-03,2,119
BR,16-May-03,2,127
BR,16-May-03,2,112
BR,16-May-03,2,121
BR,16-May-03,2,113
BR,16-May-03,2,123
BR,16-May-03,2,112
BR,16-May-03,2,117
BR,16-May-03,2,104
BR,17-May-03,2,120
BR,17-May-03,2,124
BR,17-May-03,2,120
BR,17-May-03,2,121
BR,17-May-03,2,120
BR,17-May-03,2,120
BR,17-May-03,2,111
BR,18-May-03,2,121
BR,18-May-03,2,114
BR,18-May-03,2,121
BR,18-May-03,2,113
BR,18-May-03,2,116
BR,18-May-03,2,114
BR,18-May-03,2,109
BR,18-May-03,2,122
BR,18-May-03,2,108
BR,18-May-03,2,117
BR,18-May-03,2,113
BR,18-May-03,2,115
BR,19-May-03,2,116
BR,19-May-03,2,119
BR,19-May-03,2,114
BR,19-May-03,2,121
BR,20-May-03,2,114
BR,20-May-03,2,118
BR,20-May-03,2,105
BR,20-May-03,2,114
BR,20-May-03,2,121
BR,20-May-03,2,111
BR,20-May-03,2,114
BR,20-May-03,2,109
BR,20-May-03,2,110
BR,20-May-03,2,114
BR,20-May-03,2,110
BR,21-May-03,2,121
BR,21-May-03,2,116
BR,21-May-03,2,124
BR,21-May-03,2,113
BR,21-May-03,2,122
BR,21-May-03,2,112
BR,21-May-03,2,123
BR,21-May-03,2,121
BR,21-May-03,2,114
BR,21-May-03,2,133
BR,21-May-03,2,111
BR,21-May-03,2,107
BR,21-May-03,2,114
BR,21-May-03,2,124
BR,21-May-03,2,121
BR,21-May-03,2,124
BR,21-May-03,2,117
BR,21-May-03,2,119
BR,21-May-03,2,113
BR,21-May-03,2,131
BR,21-May-03,2,114
BR,21-May-03,2,105
BR,21-May-03,2,104
BR,21-May-03,2,118
BR,21-May-03,2,104
BR,22-May-03,2,121
BR,22-May-03,2,118
BR,22-May-03,2,108
BR,22-May-03,2,105
BR,22-May-03,2,132
BR,22-May-03,2,129
BR,22-May-03,2,118
BR,23-May-03,2,106
BR,23-May-03,2,118
BR,23-May-03,2,114
BR,23-May-03,2,110
BR,23-May-03,2,111
BR,23-May-03,2,127
BR,23-May-03,2,143
BR,23-May-03,2,109
BR,23-May-03,2,133
BR,23-May-03,2,99
BR,23-May-03,2,113
BR,23-May-03,2,112
BR,24-May-03,2,121
BR,24-May-03,2,126
BR,25-May-03,2,105
BR,25-May-03,2,115
BR,25-May-03,2,116
BR,25-May-03,2,132
BR,26-May-03,2,116
BR,26-May-03,2,116
BR,26-May-03,2,116
BR,26-May-03,2,116
BR,27-May-03,2,112
BR,27-May-03,2,110
BR,27-May-03,2,129
BR,27-May-03,2,115
BR,28-May-03,2,111
BR,28-May-03,2,115
BR,28-May-03,2,112
BR,28-May-03,2,115
BR,29-May-03,2,99
BR,30-May-03,2,111
BR,30-May-03,2,102
BR,30-May-03,2,112
BR,31-May-03,2,116
BR,1-Jun-03,2,109
BR,1-Jun-03,2,123
BR,1-Jun-03,2,118
BR,3-Jun-03,2,127
BR,18-May-04,1,90
BR,18-May-04,1,105
BR,19-May-04,1,101
BR,19-May-04,1,99
BR,19-May-04,1,104
BR,19-May-04,1,115
BR,19-May-04,1,117
BR,19-May-04,1,96
BR,19-May-04,1,91
BR,19-May-04,1,98
BR,19-May-04,1,91
BR,19-May-04,1,93
BR,20-May-04,1,100
BR,20-May-04,1,98
BR,20-May-04,1,94
BR,20-May-04,1,101
BR,20-May-04,1,90
BR,20-May-04,1,85
BR,21-May-04,1,97
BR,21-May-04,1,98
BR,21-May-04,1,109
BR,21-May-04,1,102
BR,21-May-04,1,96
BR,21-May-04,1,104
BR,21-May-04,1,103
BR,21-May-04,1,96
BR,21-May-04,1,97
BR,21-May-04,1,94
BR,21-May-04,1,107
BR,21-May-04,1,98
BR,22-May-04,1,106
BR,22-May-04,1,103
BR,22-May-04,1,102
BR,22-May-04,1,93
BR,22-May-04,1,89
BR,23-May-04,1,94
BR,23-May-04,1,99
BR,23-May-04,1,95
BR,24-May-04,1,88
BR,24-May-04,1,102
BR,24-May-04,1,98
BR,24-May-04,1,94
BR,24-May-04,1,107
BR,25-May-04,1,89
BR,25-May-04,1,89
BR,25-May-04,1,103
BR,25-May-04,1,102
BR,25-May-04,1,106
BR,25-May-04,1,110
BR,26-May-04,1,92
BR,26-May-04,1,82
BR,26-May-04,1,96
BR,26-May-04,1,96
BR,27-May-04,1,91
BR,27-May-04,1,85
BR,27-May-04,1,100
BR,27-May-04,1,101
BR,28-May-04,1,91
BR,28-May-04,1,94
BR,28-May-04,1,107
BR,28-May-04,1,102
BR,28-May-04,1,103
BR,28-May-04,1,109
BR,29-May-04,1,92
BR,29-May-04,1,88
BR,29-May-04,1,102
BR,29-May-04,1,110
BR,29-May-04,1,103
BR,30-May-04,1,106
BR,30-May-04,1,88
BR,30-May-04,1,99
BR,30-May-04,1,102
BR,30-May-04,1,98
BR,30-May-04,1,103
BR,30-May-04,1,104
BR,31-May-04,1,92
BR,31-May-04,1,93
BR,31-May-04,1,104
BR,31-May-04,1,102
BR,31-May-04,1,99
BR,31-May-04,1,98
BR,1-Jun-04,1,89
BR,1-Jun-04,1,91
BR,1-Jun-04,1,101
BR,1-Jun-04,1,105
BR,1-Jun-04,1,116
BR,1-Jun-04,1,97
BR,2-Jun-04,1,105
BR,2-Jun-04,1,90
BR,2-Jun-04,1,86
BR,2-Jun-04,1,94
BR,2-Jun-04,1,100
BR,2-Jun-04,1,95
BR,2-Jun-04,1,98
BR,3-Jun-04,1,92
BR,3-Jun-04,1,96
BR,3-Jun-04,1,93
BR,3-Jun-04,1,90
BR,3-Jun-04,1,102
BR,3-Jun-04,1,96
BR,3-Jun-04,1,99
BR,3-Jun-04,1,109
BR,4-Jun-04,1,104
BR,4-Jun-04,1,92
BR,4-Jun-04,1,88
BR,4-Jun-04,1,103
BR,4-Jun-04,1,102
BR,4-Jun-04,1,99
BR,5-Jun-04,1,101
BR,5-Jun-04,1,99
BR,5-Jun-04,1,97
BR,5-Jun-04,1,99
BR,5-Jun-04,1,93
BR,5-Jun-04,1,101
BR,5-Jun-04,1,96
BR,6-Jun-04,1,91
BR,6-Jun-04,1,83
BR,6-Jun-04,1,93
BR,6-Jun-04,1,99
BR,6-Jun-04,1,99
BR,6-Jun-04,1,101
BR,7-Jun-04,1,93
BR,7-Jun-04,1,91
BR,7-Jun-04,1,103
BR,7-Jun-04,1,105
BR,7-Jun-04,1,98
BR,7-Jun-04,1,90
BR,8-Jun-04,1,93
BR,8-Jun-04,1,91
BR,8-Jun-04,1,100
BR,9-Jun-04,1,88
BR,9-Jun-04,1,89
BR,9-Jun-04,1,98
BR,9-Jun-04,1,98
BR,9-Jun-04,1,104
BR,10-Jun-04,1,74
BR,10-Jun-04,1,85
BR,10-Jun-04,1,89
BR,10-Jun-04,1,100
BR,10-Jun-04,1,90
BR,10-Jun-04,1,98
BR,10-May-04,1,96
BR,12-May-04,1,104
BR,12-May-04,1,105
BR,13-May-04,1,93
BR,13-May-04,1,89
BR,13-May-04,1,111
BR,15-May-04,1,92
BR,15-May-04,1,81
BR,16-May-04,1,93
BR,16-May-04,1,103
BR,16-May-04,1,99
BR,16-May-04,1,118
BR,16-May-04,1,95
BR,16-May-04,1,89
BR,16-May-04,1,83
BR,16-May-04,1,99
BR,16-May-04,1,106
BR,16-May-04,1,99
BR,16-May-04,1,105
BR,16-May-04,1,95
BR,17-May-04,1,102
BR,17-May-04,1,117
BR,17-May-04,1,102
BR,17-May-04,1,103
BR,17-May-04,1,107
BR,18-May-04,1,112
BR,18-May-04,2,103
BR,18-May-04,2,106
BR,18-May-04,2,100
BR,19-May-04,2,109
BR,19-May-04,2,114
BR,19-May-04,2,120
BR,19-May-04,2,114
BR,19-May-04,2,115
BR,19-May-04,2,114
BR,20-May-04,2,118
BR,20-May-04,2,115
BR,20-May-04,2,108
BR,20-May-04,2,104
BR,21-May-04,2,115
BR,21-May-04,2,111
BR,21-May-04,2,116
BR,21-May-04,2,106
BR,21-May-04,2,108
BR,22-May-04,2,100
BR,23-May-04,2,117
BR,23-May-04,2,109
BR,23-May-04,2,105
BR,23-May-04,2,113
BR,23-May-04,2,118
BR,23-May-04,2,114
BR,24-May-04,2,106
BR,24-May-04,2,118
BR,24-May-04,2,116
BR,26-May-04,2,102
BR,26-May-04,2,110
BR,27-May-04,2,106
BR,29-May-04,2,115
BR,31-May-04,2,119
BR,4-Jun-04,2,105
BR,11-May-04,2,132
BR,12-May-04,2,107
BR,13-May-04,2,129
BR,13-May-04,2,111
BR,13-May-04,2,111
BR,13-May-04,2,118
BR,14-May-04,2,116
BR,14-May-04,2,101
BR,14-May-04,2,139
BR,14-May-04,2,112
BR,14-May-04,2,118
BR,14-May-04,2,121
BR,15-May-04,2,107
BR,15-May-04,2,118
BR,15-May-04,2,115
BR,15-May-04,2,137
BR,15-May-04,2,105
BR,15-May-04,2,116
BR,15-May-04,2,122
BR,16-May-04,2,114
BR,16-May-04,2,124
BR,16-May-04,2,115
BR,16-May-04,2,103
BR,16-May-04,2,107
BR,16-May-04,2,118
BR,16-May-04,2,113
BR,17-May-04,2,128
BR,17-May-04,2,128
BR,17-May-04,2,108
BR,17-May-04,2,116
BR,18-May-04,2,108
BR,18-May-04,2,101
BR,13-May-05,1,91
BR,15-May-05,1,85
BR,15-May-05,1,88
BR,15-May-05,1,115
BR,15-May-05,1,101
BR,15-May-05,1,102
BR,15-May-05,1,102
BR,15-May-05,1,61
BR,16-May-05,1,98
BR,16-May-05,1,94
BR,16-May-05,1,104
BR,16-May-05,1,98
BR,16-May-05,1,96
BR,16-May-05,1,107
BR,16-May-05,1,107
BR,16-May-05,1,109
BR,16-May-05,1,106
BR,16-May-05,1,105
BR,16-May-05,1,96
BR,16-May-05,1,107
BR,16-May-05,1,105
BR,16-May-05,1,107
BR,16-May-05,1,101
BR,16-May-05,1,96
BR,16-May-05,1,110
BR,17-May-05,1,105
BR,17-May-05,1,88
BR,17-May-05,1,99
BR,17-May-05,1,99
BR,18-May-05,1,101
BR,18-May-05,1,92
BR,18-May-05,1,85
BR,19-May-05,1,106
BR,19-May-05,1,95
BR,19-May-05,1,92
BR,19-May-05,1,110
BR,20-May-05,1,94
BR,20-May-05,1,101
BR,20-May-05,1,104
BR,20-May-05,1,108
BR,21-May-05,1,92
BR,21-May-05,1,78
BR,21-May-05,1,98
BR,21-May-05,1,119
BR,21-May-05,1,97
BR,21-May-05,1,103
BR,21-May-05,1,97
BR,21-May-05,1,106
BR,22-May-05,1,103
BR,22-May-05,1,89
BR,22-May-05,1,98
BR,22-May-05,1,96
BR,22-May-05,1,94
BR,22-May-05,1,96
BR,22-May-05,1,92
BR,23-May-05,1,93
BR,23-May-05,1,96
BR,23-May-05,1,104
BR,23-May-05,1,104
BR,23-May-05,1,106
BR,24-May-05,1,96
BR,24-May-05,1,94
BR,24-May-05,1,103
BR,24-May-05,1,90
BR,24-May-05,1,87
BR,25-May-05,1,96
BR,25-May-05,1,106
BR,25-May-05,1,102
BR,25-May-05,1,94
BR,25-May-05,1,87
BR,25-May-05,1,100
BR,25-May-05,1,101
BR,25-May-05,1,102
BR,25-May-05,1,101
BR,25-May-05,1,103
BR,25-May-05,1,106
BR,25-May-05,1,112
BR,25-May-05,1,101
BR,25-May-05,1,114
BR,25-May-05,1,94
BR,25-May-05,1,110
BR,26-May-05,1,102
BR,26-May-05,1,110
BR,26-May-05,1,95
BR,26-May-05,1,112
BR,26-May-05,1,99
BR,26-May-05,1,100
BR,27-May-05,1,93
BR,27-May-05,1,86
BR,27-May-05,1,101
BR,27-May-05,1,98
BR,27-May-05,1,99
BR,27-May-05,1,112
BR,27-May-05,1,99
BR,27-May-05,1,104
BR,27-May-05,1,105
BR,28-May-05,1,88
BR,28-May-05,1,93
BR,28-May-05,1,101
BR,28-May-05,1,102
BR,28-May-05,1,105
BR,28-May-05,1,99
BR,28-May-05,1,105
BR,28-May-05,1,95
BR,28-May-05,1,99
BR,28-May-05,1,104
BR,28-May-05,1,120
BR,29-May-05,1,101
BR,29-May-05,1,94
BR,29-May-05,1,104
BR,29-May-05,1,89
BR,29-May-05,1,87
BR,29-May-05,1,93
BR,29-May-05,1,102
BR,29-May-05,1,104
BR,30-May-05,1,100
BR,30-May-05,1,94
BR,30-May-05,1,104
BR,30-May-05,1,94
BR,31-May-05,1,103
BR,31-May-05,1,96
BR,31-May-05,1,98
BR,31-May-05,1,96
BR,31-May-05,1,100
BR,31-May-05,1,90
BR,31-May-05,1,91
BR,31-May-05,1,101
BR,31-May-05,1,104
BR,31-May-05,1,93
BR,31-May-05,1,100
BR,31-May-05,1,103
BR,31-May-05,1,103
BR,31-May-05,1,97
BR,31-May-05,1,93
BR,31-May-05,1,108
BR,31-May-05,1,104
BR,1-Jun-05,1,95
BR,1-Jun-05,1,103
BR,1-Jun-05,1,91
BR,1-Jun-05,1,87
BR,1-Jun-05,1,92
BR,1-Jun-05,1,102
BR,1-Jun-05,1,103
BR,1-Jun-05,1,87
BR,1-Jun-05,1,103
BR,1-Jun-05,1,98
BR,1-Jun-05,1,108
BR,2-Jun-05,1,87
BR,2-Jun-05,1,103
BR,2-Jun-05,1,97
BR,2-Jun-05,1,103
BR,2-Jun-05,1,101
BR,2-Jun-05,1,109
BR,2-Jun-05,1,107
BR,2-Jun-05,1,115
BR,2-Jun-05,1,102
BR,3-Jun-05,1,107
BR,3-Jun-05,1,106
BR,3-Jun-05,1,100
BR,3-Jun-05,1,97
BR,3-Jun-05,1,104
BR,3-Jun-05,1,100
BR,3-Jun-05,1,93
BR,3-Jun-05,1,101
BR,3-Jun-05,1,96
BR,3-Jun-05,1,98
BR,3-Jun-05,1,107
BR,4-Jun-05,1,98
BR,4-Jun-05,1,78
BR,4-Jun-05,1,100
BR,4-Jun-05,1,100
BR,4-Jun-05,1,107
BR,4-Jun-05,1,114
BR,4-Jun-05,1,106
BR,5-Jun-05,1,91
BR,5-Jun-05,1,94
BR,5-Jun-05,1,105
BR,5-Jun-05,1,107
BR,5-Jun-05,1,113
BR,5-Jun-05,1,113
BR,5-Jun-05,1,91
BR,5-Jun-05,1,88
BR,5-Jun-05,1,90
BR,5-Jun-05,1,93
BR,5-Jun-05,1,96
BR,5-Jun-05,1,100
BR,6-Jun-05,1,95
BR,6-Jun-05,1,111
BR,6-Jun-05,1,100
BR,6-Jun-05,1,92
BR,6-Jun-05,1,94
BR,6-Jun-05,1,103
BR,6-Jun-05,1,107
BR,7-Jun-05,1,102
BR,7-Jun-05,1,112
BR,7-Jun-05,1,100
BR,7-Jun-05,1,94
BR,7-Jun-05,1,102
BR,7-Jun-05,1,110
BR,9-May-05,2,113
BR,9-May-05,2,107
BR,9-May-05,2,113
BR,9-May-05,2,119
BR,9-May-05,2,112
BR,9-May-05,2,117
BR,9-May-05,2,116
BR,10-May-05,2,116
BR,11-May-05,2,137
BR,11-May-05,2,109
BR,11-May-05,2,114
BR,11-May-05,2,115
BR,12-May-05,2,113
BR,12-May-05,2,131
BR,12-May-05,2,123
BR,12-May-05,2,122
BR,12-May-05,2,103
BR,12-May-05,2,112
BR,13-May-05,2,97
BR,13-May-05,2,112
BR,13-May-05,2,116
BR,13-May-05,2,122
BR,14-May-05,2,116
BR,14-May-05,2,122
BR,14-May-05,2,125
BR,14-May-05,2,116
BR,14-May-05,2,131
BR,14-May-05,2,119
BR,14-May-05,2,113
BR,14-May-05,2,113
BR,14-May-05,2,110
BR,14-May-05,2,109
BR,14-May-05,2,116
BR,14-May-05,2,113
BR,14-May-05,2,116
BR,14-May-05,2,117
BR,15-May-05,2,122
BR,15-May-05,2,126
BR,15-May-05,2,97
BR,15-May-05,2,115
BR,15-May-05,2,105
BR,15-May-05,2,122
BR,15-May-05,2,115
BR,15-May-05,2,112
BR,15-May-05,2,119
BR,15-May-05,2,116
BR,15-May-05,2,126
BR,15-May-05,2,116
BR,15-May-05,2,118
BR,15-May-05,2,114
BR,15-May-05,2,115
BR,15-May-05,2,98
BR,15-May-05,2,114
BR,16-May-05,2,118
BR,16-May-05,2,113
BR,16-May-05,2,113
BR,16-May-05,2,106
BR,16-May-05,2,119
BR,16-May-05,2,114
BR,16-May-05,2,118
BR,16-May-05,2,112
BR,16-May-05,2,119
BR,16-May-05,2,117
BR,16-May-05,2,120
BR,16-May-05,2,115
BR,16-May-05,2,113
BR,16-May-05,2,119
BR,16-May-05,2,102
BR,16-May-05,2,121
BR,16-May-05,2,111
BR,16-May-05,2,110
BR,16-May-05,2,122
BR,17-May-05,2,120
BR,17-May-05,2,121
BR,18-May-05,2,110
BR,18-May-05,2,122
BR,18-May-05,2,121
BR,19-May-05,2,111
BR,19-May-05,2,105
BR,19-May-05,2,122
BR,19-May-05,2,125
BR,20-May-05,2,108
BR,20-May-05,2,121
BR,20-May-05,2,124
BR,21-May-05,2,104
BR,21-May-05,2,112
BR,21-May-05,2,113
BR,21-May-05,2,116
BR,22-May-05,2,123
BR,22-May-05,2,107
BR,22-May-05,2,109
BR,22-May-05,2,125
BR,23-May-05,2,122
BR,24-May-05,2,109
BR,24-May-05,2,110
BR,24-May-05,2,129
BR,25-May-05,2,121
BR,25-May-05,2,113
BR,27-May-05,2,115
BR,28-May-05,2,103
BR,28-May-05,2,112
BR,29-May-05,2,116
BR,29-May-05,2,116
BR,30-May-05,2,121
BR,30-May-05,2,118
BR,31-May-05,2,120
BR,31-May-05,2,127
BR,1-Jun-05,2,119
BR,1-Jun-05,2,117
BR,3-Jun-05,2,115
BR,10-May-98,1,74
BR,17-May-98,1,93
BR,17-May-98,1,110
BR,17-May-98,1,92
BR,17-May-98,1,93
BR,17-May-98,1,100
BR,18-May-98,1,85
BR,18-May-98,1,90
BR,18-May-98,1,90
BR,18-May-98,1,86
BR,20-May-98,1,92
BR,20-May-98,1,92
BR,20-May-98,1,89
BR,21-May-98,1,92
BR,21-May-98,1,97
BR,21-May-98,1,91
BR,21-May-98,1,90
BR,22-May-98,1,95
BR,22-May-98,1,90
BR,22-May-98,1,100
BR,22-May-98,1,91
BR,22-May-98,1,90
BR,23-May-98,1,88
BR,23-May-98,1,100
BR,23-May-98,1,105
BR,23-May-98,1,90
BR,24-May-98,1,110
BR,24-May-98,1,101
BR,26-May-98,1,86
BR,26-May-98,1,91
BR,27-May-98,1,82
BR,27-May-98,1,98
BR,27-May-98,1,106
BR,27-May-98,1,92
BR,27-May-98,1,103
BR,28-May-98,1,100
BR,28-May-98,1,103
BR,28-May-98,1,94
BR,29-May-98,1,90
BR,29-May-98,1,88
BR,29-May-98,1,99
BR,30-May-98,1,88
BR,30-May-98,1,104
BR,30-May-98,1,98
BR,30-May-98,1,92
BR,31-May-98,1,94
BR,31-May-98,1,100
BR,31-May-98,1,96
BR,1-Jun-98,1,87
BR,1-Jun-98,1,101
BR,1-Jun-98,1,97
BR,3-Jun-98,1,104
BR,3-Jun-98,1,93
BR,5-Jun-98,1,100
BR,6-Jun-98,1,98
BR,6-Jun-98,1,96
BR,6-Jun-98,1,103
BR,8-Jun-98,1,106
BR,8-Jun-98,1,93
BR,9-Jun-98,1,100
BR,9-Jun-98,1,93
BR,9-Jun-98,1,102
BR,10-Jun-98,1,99
BR,10-Jun-98,1,95
BR,10-Jun-98,1,109
BR,12-May-98,1,98
BR,13-May-98,1,107
BR,14-May-98,1,93
BR,16-May-98,1,92
BR,16-May-98,1,104
BR,16-May-98,1,85
BR,17-May-98,1,92
BR,10-May-98,2,122
BR,10-May-98,2,120
BR,10-May-98,2,118
BR,10-May-98,2,120
BR,10-May-98,2,120
BR,10-May-98,2,110
BR,10-May-98,2,114
BR,17-May-98,2,111
BR,17-May-98,2,118
BR,17-May-98,2,112
BR,17-May-98,2,117
BR,17-May-98,2,115
BR,17-May-98,2,125
BR,17-May-98,2,113
BR,17-May-98,2,124
BR,11-May-98,2,117
BR,17-May-98,2,111
BR,17-May-98,2,112
BR,17-May-98,2,102
BR,17-May-98,2,105
BR,17-May-98,2,104
BR,17-May-98,2,138
BR,17-May-98,2,100
BR,17-May-98,2,117
BR,11-May-98,2,134
BR,17-May-98,2,104
BR,17-May-98,2,114
BR,17-May-98,2,112
BR,17-May-98,2,119
BR,17-May-98,2,
BR,17-May-98,2,124
BR,17-May-98,2,102
BR,12-May-98,2,110
BR,17-May-98,2,110
BR,17-May-98,2,115
BR,18-May-98,2,136
BR,18-May-98,2,124
BR,18-May-98,2,125
BR,18-May-98,2,132
BR,12-May-98,2,127
BR,20-May-98,2,124
BR,20-May-98,2,116
BR,20-May-98,2,123
BR,20-May-98,2,125
BR,21-May-98,2,114
BR,21-May-98,2,123
BR,12-May-98,2,116
BR,21-May-98,2,105
BR,21-May-98,2,110
BR,22-May-98,2,111
BR,22-May-98,2,119
BR,22-May-98,2,109
BR,12-May-98,2,119
BR,22-May-98,2,127
BR,22-May-98,2,109
BR,23-May-98,2,114
BR,23-May-98,2,109
BR,23-May-98,2,119
BR,12-May-98,2,124
BR,23-May-98,2,130
BR,23-May-98,2,112
BR,24-May-98,2,117
BR,24-May-98,2,118
BR,24-May-98,2,114
BR,24-May-98,2,102
BR,12-May-98,2,106
BR,26-May-98,2,107
BR,26-May-98,2,119
BR,26-May-98,2,107
BR,26-May-98,2,108
BR,26-May-98,2,103
BR,12-May-98,2,106
BR,27-May-98,2,103
BR,28-May-98,2,125
BR,28-May-98,2,114
BR,28-May-98,2,115
BR,12-May-98,2,114
BR,29-May-98,2,115
BR,29-May-98,2,111
BR,12-May-98,2,134
BR,31-May-98,2,106
BR,1-Jun-98,2,112
BR,2-Jun-98,2,115
BR,12-May-98,2,107
BR,3-Jun-98,2,100
BR,4-Jun-98,2,119
BR,6-Jun-98,2,132
BR,12-May-98,2,114
BR,9-Jun-98,2,108
BR,10-Jun-98,2,110
BR,12-May-98,2,104
BR,12-May-98,2,118
BR,12-May-98,2,126
BR,12-May-98,2,122
BR,12-May-98,2,104
BR,12-May-98,2,115
BR,12-May-98,2,122
BR,12-May-98,2,112
BR,12-May-98,2,128
BR,13-May-98,2,123
BR,13-May-98,2,113
BR,13-May-98,2,112
BR,13-May-98,2,116
BR,13-May-98,2,127
BR,13-May-98,2,116
BR,13-May-98,2,104
BR,13-May-98,2,109
BR,13-May-98,2,107
BR,13-May-98,2,114
BR,13-May-98,2,118
BR,13-May-98,2,111
BR,13-May-98,2,116
BR,13-May-98,2,116
BR,13-May-98,2,107
BR,13-May-98,2,120
BR,13-May-98,2,124
BR,13-May-98,2,119
BR,13-May-98,2,113
BR,13-May-98,2,118
BR,13-May-98,2,106
BR,13-May-98,2,100
BR,13-May-98,2,106
BR,14-May-98,2,118
BR,14-May-98,2,104
BR,14-May-98,2,126
BR,14-May-98,2,115
BR,14-May-98,2,117
BR,14-May-98,2,112
BR,14-May-98,2,118
BR,14-May-98,2,110
BR,15-May-98,2,123
BR,15-May-98,2,116
BR,15-May-98,2,98
BR,15-May-98,2,120
BR,16-May-98,2,117
BR,16-May-98,2,109
BR,16-May-98,2,110
BR,16-May-98,2,114
BR,16-May-98,2,118
BR,16-May-98,2,123
BR,16-May-98,2,112
BR,16-May-98,2,108
BR,16-May-98,2,108
BR,16-May-98,2,106
BR,16-May-98,2,112
BR,16-May-98,2,115
BR,16-May-98,2,108
BR,16-May-98,2,106
BR,16-May-98,2,108
BR,16-May-98,2,107
BR,17-May-98,2,108
BR,17-May-98,2,108
BR,17-May-98,2,113
BR,17-May-98,2,103
BR,17-May-98,2,116
BR,17-May-98,2,106
BR,17-May-98,2,114
BR,22-May-99,1,83
BR,26-May-99,1,88
BR,26-May-99,1,102
BR,27-May-99,1,108
BR,27-May-99,1,86
BR,29-May-99,1,95
BR,29-May-99,1,94
BR,29-May-99,1,100
BR,30-May-99,1,118
BR,30-May-99,1,102
BR,30-May-99,1,96
BR,30-May-99,1,89
BR,31-May-99,1,100
BR,31-May-99,1,102
BR,31-May-99,1,98
BR,31-May-99,1,104
BR,31-May-99,1,99
BR,31-May-99,1,100
BR,31-May-99,1,112
BR,31-May-99,1,112
BR,31-May-99,1,96
BR,1-Jun-99,1,98
BR,1-Jun-99,1,90
BR,1-Jun-99,1,97
BR,1-Jun-99,1,103
BR,1-Jun-99,1,100
BR,1-Jun-99,1,95
BR,1-Jun-99,1,89
BR,1-Jun-99,1,87
BR,1-Jun-99,1,106
BR,1-Jun-99,1,100
BR,1-Jun-99,1,102
BR,2-Jun-99,1,82
BR,2-Jun-99,1,107
BR,3-Jun-99,1,96
BR,3-Jun-99,1,114
BR,3-Jun-99,1,97
BR,3-Jun-99,1,100
BR,3-Jun-99,1,93
BR,3-Jun-99,1,88
BR,3-Jun-99,1,85
BR,3-Jun-99,1,83
BR,3-Jun-99,1,89
BR,3-Jun-99,1,88
BR,3-Jun-99,1,96
BR,4-Jun-99,1,116
BR,4-Jun-99,1,84
BR,4-Jun-99,1,107
BR,4-Jun-99,1,102
BR,5-Jun-99,1,94
BR,5-Jun-99,1,117
BR,5-Jun-99,1,116
BR,6-Jun-99,1,99
BR,6-Jun-99,1,113
BR,6-Jun-99,1,94
BR,6-Jun-99,1,92
BR,7-Jun-99,1,100
BR,7-Jun-99,1,86
BR,7-Jun-99,1,98
BR,7-Jun-99,1,106
BR,8-Jun-99,1,106
BR,8-Jun-99,1,95
BR,8-Jun-99,1,98
BR,8-Jun-99,1,116
BR,8-Jun-99,1,98
BR,8-Jun-99,1,100
BR,9-Jun-99,1,104
BR,9-Jun-99,1,93
BR,9-Jun-99,1,94
BR,9-Jun-99,1,95
BR,9-Jun-99,1,88
BR,9-Jun-99,1,89
BR,10-Jun-99,1,95
BR,10-Jun-99,1,97
BR,10-Jun-99,1,99
BR,10-Jun-99,1,100
BR,10-Jun-99,1,95
BR,10-Jun-99,1,104
BR,11-Jun-99,1,92
BR,11-Jun-99,1,101
BR,11-Jun-99,1,94
BR,11-Jun-99,1,103
BR,11-Jun-99,1,97
BR,12-Jun-99,1,96
BR,12-Jun-99,1,101
BR,12-Jun-99,1,105
BR,12-Jun-99,1,92
BR,12-Jun-99,1,86
BR,13-Jun-99,1,105
BR,13-Jun-99,1,104
BR,13-Jun-99,1,97
BR,13-Jun-99,1,105
BR,13-Jun-99,1,95
BR,14-Jun-99,1,105
BR,14-Jun-99,1,106
BR,14-Jun-99,1,112
BR,14-Jun-99,1,95
BR,14-Jun-99,1,96
BR,14-Jun-99,1,92
BR,15-Jun-99,1,102
BR,15-Jun-99,1,100
BR,15-Jun-99,1,95
BR,16-Jun-99,1,96
BR,20-May-99,2,105
BR,23-May-99,2,98
BR,23-May-99,2,140
BR,23-May-99,2,116
BR,23-May-99,2,112
BR,24-May-99,2,125
BR,24-May-99,2,123
BR,24-May-99,2,137
BR,25-May-99,2,130
BR,25-May-99,2,112
BR,25-May-99,2,122
BR,25-May-99,2,129
BR,27-May-99,2,111
BR,27-May-99,2,105
BR,27-May-99,2,92
BR,28-May-99,2,118
BR,28-May-99,2,94
BR,28-May-99,2,116
BR,28-May-99,2,97
BR,29-May-99,2,112
BR,29-May-99,2,140
BR,29-May-99,2,110
BR,29-May-99,2,123
BR,29-May-99,2,104
BR,30-May-99,2,115
BR,30-May-99,2,108
BR,30-May-99,2,116
BR,30-May-99,2,102
BR,31-May-99,2,109
BR,31-May-99,2,117
BR,31-May-99,2,108
BR,31-May-99,2,112
BR,31-May-99,2,105
BR,31-May-99,2,122
BR,31-May-99,2,120
BR,1-Jun-99,2,117
BR,1-Jun-99,2,131
BR,1-Jun-99,2,114
BR,1-Jun-99,2,111
BR,1-Jun-99,2,103
BR,1-Jun-99,2,111
BR,1-Jun-99,2,118
BR,1-Jun-99,2,99
BR,2-Jun-99,2,110
BR,2-Jun-99,2,125
BR,3-Jun-99,2,105
BR,3-Jun-99,2,113
BR,4-Jun-99,2,100
BR,4-Jun-99,2,116
BR,6-Jun-99,2,112
BR,7-Jun-99,2,114
BR,11-Jun-99,2,97
BR,16-May-99,3,158
HS,23-Apr-00,1,95
HS,1-May-00,1,93
HS,2-May-00,1,108
HS,2-May-00,1,96
HS,4-May-00,1,108
HS,5-May-00,1,101
HS,5-May-00,1,102
HS,5-May-00,1,119
HS,7-May-00,1,93
HS,7-May-00,1,110
HS,7-May-00,1,106
HS,7-May-00,1,110
HS,8-May-00,1,105
HS,8-May-00,1,118
HS,8-May-00,1,101
HS,8-May-00,1,109
HS,8-May-00,1,101
HS,8-May-00,1,108
HS,8-May-00,1,110
HS,9-May-00,1,106
HS,9-May-00,1,114
HS,9-May-00,1,106
HS,9-May-00,1,108
HS,9-May-00,1,103
HS,9-May-00,1,110
HS,9-May-00,1,98
HS,9-May-00,1,97
HS,9-May-00,1,100
HS,10-May-00,1,106
HS,10-May-00,1,102
HS,10-May-00,1,113
HS,10-May-00,1,108
HS,10-May-00,1,96
HS,10-May-00,1,99
HS,10-May-00,1,109
HS,10-May-00,1,100
HS,10-May-00,1,95
HS,10-May-00,1,108
HS,10-May-00,1,101
HS,11-May-00,1,102
HS,11-May-00,1,114
HS,11-May-00,1,109
HS,11-May-00,1,98
HS,11-May-00,1,113
HS,11-May-00,1,128
HS,11-May-00,1,114
HS,11-May-00,1,103
HS,12-May-00,1,105
HS,12-May-00,1,104
HS,13-May-00,1,106
HS,13-May-00,1,118
HS,13-May-00,1,115
HS,13-May-00,1,107
HS,14-May-00,1,115
HS,14-May-00,1,112
HS,14-May-00,1,99
HS,15-May-00,1,114
HS,15-May-00,1,108
HS,15-May-00,1,122
HS,16-May-00,1,113
HS,16-May-00,1,111
HS,16-May-00,1,105
HS,16-May-00,1,96
HS,16-May-00,1,120
HS,16-May-00,1,129
HS,17-May-00,1,111
HS,17-May-00,1,108
HS,17-May-00,1,106
HS,17-May-00,1,93
HS,17-May-00,1,98
HS,18-May-00,1,107
HS,18-May-00,1,112
HS,18-May-00,1,108
HS,18-May-00,1,106
HS,18-May-00,1,98
HS,19-May-00,1,112
HS,19-May-00,1,118
HS,19-May-00,1,118
HS,19-May-00,1,106
HS,20-May-00,1,119
HS,20-May-00,1,107
HS,20-May-00,1,98
HS,20-May-00,1,97
HS,20-May-00,1,112
HS,22-May-00,1,126
HS,22-May-00,1,115
HS,23-May-00,1,114
HS,23-May-00,1,104
HS,23-May-00,1,103
HS,24-May-00,1,118
HS,27-May-00,1,117
HS,27-May-00,1,121
HS,27-May-00,1,111
HS,1-May-00,2,132
HS,2-May-00,2,112
HS,4-May-00,2,130
HS,4-May-00,2,121
HS,4-May-00,2,150
HS,5-May-00,2,137
HS,5-May-00,2,139
HS,5-May-00,2,131
HS,5-May-00,2,129
HS,5-May-00,2,145
HS,6-May-00,2,132
HS,6-May-00,2,144
HS,8-May-00,2,125
HS,8-May-00,2,130
HS,8-May-00,2,125
HS,8-May-00,2,132
HS,8-May-00,2,120
HS,8-May-00,2,139
HS,8-May-00,2,127
HS,8-May-00,2,131
HS,8-May-00,2,120
HS,9-May-00,2,121
HS,9-May-00,2,131
HS,9-May-00,2,127
HS,9-May-00,2,129
HS,9-May-00,2,128
HS,9-May-00,2,124
HS,9-May-00,2,127
HS,9-May-00,2,135
HS,9-May-00,2,125
HS,9-May-00,2,130
HS,10-May-00,2,127
HS,10-May-00,2,132
HS,10-May-00,2,120
HS,11-May-00,2,121
HS,11-May-00,2,124
HS,11-May-00,2,132
HS,11-May-00,2,123
HS,11-May-00,2,146
HS,11-May-00,2,136
HS,11-May-00,2,131
HS,12-May-00,2,137
HS,12-May-00,2,132
HS,12-May-00,2,100
HS,13-May-00,2,122
HS,13-May-00,2,137
HS,14-May-00,2,144
HS,14-May-00,2,126
HS,14-May-00,2,122
HS,15-May-00,2,140
HS,17-May-00,2,132
HS,18-May-00,2,135
HS,19-May-00,2,127
HS,19-May-00,2,141
HS,22-May-00,2,128
HS,24-Apr-01,1,99
HS,25-Apr-01,1,97
HS,25-Apr-01,1,92
HS,27-Apr-01,1,100
HS,29-Apr-01,1,106
HS,30-Apr-01,1,100
HS,30-Apr-01,1,102
HS,30-Apr-01,1,127
HS,1-May-01,1,110
HS,1-May-01,1,100
HS,1-May-01,1,123
HS,1-May-01,1,116
HS,1-May-01,1,106
HS,1-May-01,1,94
HS,1-May-01,1,122
HS,2-May-01,1,115
HS,2-May-01,1,117
HS,2-May-01,1,109
HS,2-May-01,1,99
HS,2-May-01,1,98
HS,2-May-01,1,121
HS,3-May-01,1,123
HS,3-May-01,1,112
HS,3-May-01,1,97
HS,3-May-01,1,122
HS,3-May-01,1,118
HS,4-May-01,1,104
HS,4-May-01,1,108
HS,4-May-01,1,119
HS,4-May-01,1,115
HS,5-May-01,1,112
HS,5-May-01,1,130
HS,5-May-01,1,118
HS,5-May-01,1,120
HS,5-May-01,1,125
HS,5-May-01,1,111
HS,5-May-01,1,110
HS,5-May-01,1,112
HS,5-May-01,1,109
HS,5-May-01,1,88
HS,5-May-01,1,120
HS,5-May-01,1,112
HS,5-May-01,1,105
HS,5-May-01,1,107
HS,6-May-01,1,105
HS,6-May-01,1,102
HS,6-May-01,1,110
HS,6-May-01,1,106
HS,6-May-01,1,117
HS,6-May-01,1,121
HS,6-May-01,1,101
HS,6-May-01,1,107
HS,7-May-01,1,118
HS,7-May-01,1,98
HS,7-May-01,1,124
HS,7-May-01,1,112
HS,8-May-01,1,99
HS,8-May-01,1,106
HS,8-May-01,1,113
HS,8-May-01,1,113
HS,8-May-01,1,114
HS,8-May-01,1,94
HS,8-May-01,1,111
HS,8-May-01,1,126
HS,8-May-01,1,110
HS,8-May-01,1,112
HS,8-May-01,1,102
HS,8-May-01,1,108
HS,8-May-01,1,105
HS,8-May-01,1,119
HS,8-May-01,1,103
HS,8-May-01,1,103
HS,8-May-01,1,96
HS,8-May-01,1,112
HS,8-May-01,1,95
HS,8-May-01,1,113
HS,8-May-01,1,109
HS,8-May-01,1,109
HS,8-May-01,1,101
HS,9-May-01,1,125
HS,9-May-01,1,115
HS,9-May-01,1,108
HS,9-May-01,1,122
HS,9-May-01,1,128
HS,9-May-01,1,112
HS,9-May-01,1,103
HS,9-May-01,1,105
HS,9-May-01,1,106
HS,9-May-01,1,106
HS,9-May-01,1,110
HS,9-May-01,1,118
HS,9-May-01,1,114
HS,10-May-01,1,118
HS,10-May-01,1,116
HS,10-May-01,1,115
HS,10-May-01,1,115
HS,10-May-01,1,112
HS,10-May-01,1,115
HS,11-May-01,1,118
HS,11-May-01,1,122
HS,11-May-01,1,115
HS,11-May-01,1,115
HS,11-May-01,1,102
HS,11-May-01,1,104
HS,12-May-01,1,117
HS,12-May-01,1,112
HS,12-May-01,1,117
HS,12-May-01,1,100
HS,12-May-01,1,124
HS,12-May-01,1,112
HS,13-May-01,1,122
HS,13-May-01,1,108
HS,13-May-01,1,103
HS,13-May-01,1,111
HS,14-May-01,1,125
HS,14-May-01,1,116
HS,14-May-01,1,100
HS,14-May-01,1,97
HS,15-May-01,1,115
HS,15-May-01,1,106
HS,15-May-01,1,112
HS,15-May-01,1,107
HS,16-May-01,1,107
HS,16-May-01,1,105
HS,16-May-01,1,117
HS,16-May-01,1,129
HS,16-May-01,1,105
HS,16-May-01,1,93
HS,17-May-01,1,87
HS,17-May-01,1,113
HS,17-May-01,1,115
HS,17-May-01,1,109
HS,18-May-01,1,124
HS,18-May-01,1,116
HS,18-May-01,1,100
HS,18-May-01,1,109
HS,18-May-01,1,114
HS,19-May-01,1,119
HS,19-May-01,1,113
HS,19-May-01,1,113
HS,19-May-01,1,126
HS,19-May-01,1,116
HS,20-May-01,1,98
HS,20-May-01,1,117
HS,20-May-01,1,120
HS,20-May-01,1,114
HS,20-May-01,1,115
HS,21-May-01,1,102
HS,21-May-01,1,121
HS,21-May-01,1,92
HS,22-May-01,1,118
HS,22-May-01,1,100
HS,22-May-01,1,112
HS,22-May-01,1,118
HS,23-May-01,1,132
HS,23-May-01,1,105
HS,23-May-01,1,105
HS,23-May-01,1,104
HS,23-May-01,1,104
HS,24-May-01,1,110
HS,24-May-01,1,118
HS,24-May-01,1,115
HS,24-May-01,1,116
HS,24-May-01,1,109
HS,25-May-01,1,98
HS,25-May-01,1,102
HS,27-May-01,1,123
HS,27-May-01,1,104
HS,27-May-01,1,114
HS,28-May-01,1,128
HS,29-May-01,1,105
HS,29-May-01,1,122
HS,30-May-01,1,117
HS,6-May-01,2,141
HS,8-May-01,2,140
HS,8-May-01,2,139
HS,9-May-01,2,136
HS,13-May-01,2,145
HS,14-May-01,2,141
HS,14-May-01,2,139
HS,15-May-01,2,140
HS,15-May-01,2,128
HS,18-May-01,2,131
HS,19-May-01,2,125
HS,21-May-01,2,137
HS,25-May-01,2,133
HS,9-May-02,1,102
HS,9-May-02,1,97
HS,10-May-02,1,118
HS,11-May-02,1,102
HS,11-May-02,1,105
HS,12-May-02,1,103
HS,12-May-02,1,100
HS,12-May-02,1,95
HS,12-May-02,1,100
HS,12-May-02,1,108
HS,12-May-02,1,103
HS,12-May-02,1,109
HS,13-May-02,1,103
HS,13-May-02,1,105
HS,13-May-02,1,110
HS,13-May-02,1,97
HS,13-May-02,1,120
HS,13-May-02,1,100
HS,13-May-02,1,113
HS,13-May-02,1,120
HS,13-May-02,1,124
HS,13-May-02,1,98
HS,13-May-02,1,109
HS,13-May-02,1,97
HS,13-May-02,1,112
HS,13-May-02,1,103
HS,13-May-02,1,110
HS,14-May-02,1,122
HS,14-May-02,1,114
HS,14-May-02,1,95
HS,14-May-02,1,110
HS,14-May-02,1,101
HS,14-May-02,1,116
HS,14-May-02,1,98
HS,14-May-02,1,107
HS,15-May-02,1,115
HS,15-May-02,1,108
HS,15-May-02,1,102
HS,15-May-02,1,106
HS,15-May-02,1,107
HS,15-May-02,1,113
HS,15-May-02,1,105
HS,15-May-02,1,112
HS,15-May-02,1,104
HS,15-May-02,1,129
HS,15-May-02,1,107
HS,15-May-02,1,118
HS,15-May-02,1,117
HS,15-May-02,1,99
HS,15-May-02,1,118
HS,15-May-02,1,99
HS,15-May-02,1,115
HS,15-May-02,1,106
HS,15-May-02,1,100
HS,15-May-02,1,105
HS,15-May-02,1,96
HS,15-May-02,1,101
HS,15-May-02,1,112
HS,15-May-02,1,107
HS,16-May-02,1,102
HS,16-May-02,1,105
HS,16-May-02,1,110
HS,16-May-02,1,109
HS,16-May-02,1,98
HS,16-May-02,1,112
HS,16-May-02,1,102
HS,16-May-02,1,102
HS,17-May-02,1,113
HS,17-May-02,1,108
HS,17-May-02,1,113
HS,17-May-02,1,96
HS,17-May-02,1,98
HS,17-May-02,1,103
HS,17-May-02,1,112
HS,17-May-02,1,110
HS,17-May-02,1,108
HS,17-May-02,1,113
HS,17-May-02,1,105
HS,18-May-02,1,96
HS,18-May-02,1,100
HS,18-May-02,1,100
HS,18-May-02,1,113
HS,18-May-02,1,107
HS,18-May-02,1,115
HS,18-May-02,1,115
HS,18-May-02,1,110
HS,18-May-02,1,110
HS,18-May-02,1,102
HS,18-May-02,1,115
HS,19-May-02,1,122
HS,19-May-02,1,106
HS,19-May-02,1,117
HS,19-May-02,1,108
HS,19-May-02,1,115
HS,19-May-02,1,95
HS,20-May-02,1,108
HS,20-May-02,1,95
HS,20-May-02,1,115
HS,20-May-02,1,108
HS,20-May-02,1,105
HS,21-May-02,1,106
HS,22-May-02,1,104
HS,22-May-02,1,115
HS,22-May-02,1,104
HS,22-May-02,1,100
HS,23-May-02,1,112
HS,23-May-02,1,103
HS,23-May-02,1,108
HS,23-May-02,1,108
HS,23-May-02,1,120
HS,23-May-02,1,104
HS,24-May-02,1,114
HS,24-May-02,1,105
HS,24-May-02,1,103
HS,24-May-02,1,118
HS,25-May-02,1,102
HS,25-May-02,1,99
HS,25-May-02,1,107
HS,25-May-02,1,123
HS,25-May-02,1,120
HS,25-May-02,1,108
HS,25-May-02,1,115
HS,26-May-02,1,90
HS,27-May-02,1,128
HS,29-May-02,1,115
HS,29-May-02,1,110
HS,29-May-02,1,107
HS,15-May-02,2,136
HS,15-May-02,2,134
HS,16-May-02,2,137
HS,17-May-02,2,164
HS,18-May-02,2,123
HS,21-May-02,2,144
HS,22-May-02,2,137
HS,29-May-02,2,134
HS,3-May-03,1,109
HS,3-May-03,1,111
HS,4-May-03,1,116
HS,5-May-03,1,102
HS,6-May-03,1,103
HS,6-May-03,1,123
HS,7-May-03,1,110
HS,7-May-03,1,103
HS,7-May-03,1,118
HS,7-May-03,1,109
HS,7-May-03,1,110
HS,7-May-03,1,105
HS,8-May-03,1,114
HS,8-May-03,1,115
HS,8-May-03,1,114
HS,8-May-03,1,111
HS,8-May-03,1,130
HS,8-May-03,1,108
HS,8-May-03,1,112
HS,8-May-03,1,104
HS,8-May-03,1,103
HS,9-May-03,1,128
HS,9-May-03,1,111
HS,9-May-03,1,113
HS,9-May-03,1,114
HS,9-May-03,1,118
HS,9-May-03,1,112
HS,9-May-03,1,107
HS,9-May-03,1,109
HS,9-May-03,1,108
HS,9-May-03,1,110
HS,10-May-03,1,118
HS,10-May-03,1,120
HS,10-May-03,1,115
HS,10-May-03,1,104
HS,10-May-03,1,101
HS,10-May-03,1,114
HS,10-May-03,1,104
HS,10-May-03,1,103
HS,11-May-03,1,113
HS,11-May-03,1,114
HS,11-May-03,1,100
HS,11-May-03,1,112
HS,11-May-03,1,114
HS,11-May-03,1,122
HS,11-May-03,1,121
HS,12-May-03,1,117
HS,12-May-03,1,117
HS,12-May-03,1,111
HS,12-May-03,1,106
HS,12-May-03,1,110
HS,12-May-03,1,108
HS,12-May-03,1,110
HS,12-May-03,1,113
HS,12-May-03,1,109
HS,12-May-03,1,113
HS,12-May-03,1,112
HS,12-May-03,1,112
HS,12-May-03,1,117
HS,12-May-03,1,109
HS,12-May-03,1,103
HS,12-May-03,1,96
HS,12-May-03,1,106
HS,14-May-03,1,100
HS,14-May-03,1,112
HS,15-May-03,1,109
HS,15-May-03,1,118
HS,15-May-03,1,115
HS,15-May-03,1,105
HS,15-May-03,1,110
HS,15-May-03,1,117
HS,16-May-03,1,131
HS,16-May-03,1,126
HS,16-May-03,1,115
HS,16-May-03,1,117
HS,16-May-03,1,96
HS,17-May-03,1,128
HS,17-May-03,1,100
HS,17-May-03,1,97
HS,18-May-03,1,105
HS,18-May-03,1,115
HS,18-May-03,1,105
HS,18-May-03,1,98
HS,19-May-03,1,102
HS,19-May-03,1,104
HS,19-May-03,1,102
HS,19-May-03,1,114
HS,19-May-03,1,89
HS,20-May-03,1,92
HS,20-May-03,1,105
HS,20-May-03,1,97
HS,20-May-03,1,113
HS,20-May-03,1,90
HS,21-May-03,1,107
HS,24-May-03,1,98
HS,24-May-03,1,92
HS,24-May-03,1,93
HS,25-May-03,1,102
HS,26-May-03,1,108
HS,26-May-03,1,97
HS,26-May-03,1,111
HS,29-Apr-03,2,125
HS,30-Apr-03,2,118
HS,4-May-03,2,142
HS,6-May-03,2,142
HS,7-May-03,2,128
HS,7-May-03,2,138
HS,8-May-03,2,132
HS,8-May-03,2,148
HS,9-May-03,2,133
HS,9-May-03,2,123
HS,10-May-03,2,153
HS,10-May-03,2,130
HS,11-May-03,2,128
HS,11-May-03,2,138
HS,11-May-03,2,143
HS,11-May-03,2,130
HS,11-May-03,2,143
HS,12-May-03,2,150
HS,12-May-03,2,121
HS,12-May-03,2,133
HS,12-May-03,2,119
HS,12-May-03,2,131
HS,13-May-03,2,158
HS,13-May-03,2,159
HS,13-May-03,2,142
HS,13-May-03,2,138
HS,13-May-03,2,140
HS,14-May-03,2,146
HS,14-May-03,2,144
HS,14-May-03,2,141
HS,14-May-03,2,147
HS,16-May-03,2,134
HS,20-May-03,2,141
HS,23-Apr-04,1,92
HS,24-Apr-04,1,102
HS,29-Apr-04,1,112
HS,29-Apr-04,1,110
HS,29-Apr-04,1,112
HS,30-Apr-04,1,100
HS,30-Apr-04,1,121
HS,30-Apr-04,1,112
HS,30-Apr-04,1,112
HS,30-Apr-04,1,115
HS,1-May-04,1,120
HS,1-May-04,1,112
HS,1-May-04,1,107
HS,2-May-04,1,101
HS,2-May-04,1,110
HS,2-May-04,1,103
HS,3-May-04,1,120
HS,3-May-04,1,116
HS,3-May-04,1,108
HS,3-May-04,1,95
HS,4-May-04,1,106
HS,4-May-04,1,107
HS,4-May-04,1,118
HS,5-May-04,1,132
HS,5-May-04,1,107
HS,5-May-04,1,92
HS,5-May-04,1,117
HS,5-May-04,1,104
HS,5-May-04,1,106
HS,5-May-04,1,111
HS,6-May-04,1,118
HS,6-May-04,1,128
HS,6-May-04,1,115
HS,6-May-04,1,109
HS,6-May-04,1,119
HS,6-May-04,1,116
HS,6-May-04,1,136
HS,7-May-04,1,114
HS,7-May-04,1,108
HS,7-May-04,1,108
HS,7-May-04,1,104
HS,7-May-04,1,123
HS,7-May-04,1,111
HS,8-May-04,1,110
HS,8-May-04,1,105
HS,8-May-04,1,100
HS,8-May-04,1,103
HS,8-May-04,1,113
HS,8-May-04,1,99
HS,8-May-04,1,101
HS,8-May-04,1,102
HS,9-May-04,1,103
HS,9-May-04,1,105
HS,9-May-04,1,98
HS,9-May-04,1,93
HS,10-May-04,1,109
HS,10-May-04,1,98
HS,10-May-04,1,90
HS,10-May-04,1,108
HS,10-May-04,1,111
HS,10-May-04,1,121
HS,10-May-04,1,114
HS,11-May-04,1,102
HS,12-May-04,1,102
HS,12-May-04,1,114
HS,12-May-04,1,115
HS,12-May-04,1,117
HS,12-May-04,1,103
HS,12-May-04,1,106
HS,13-May-04,1,118
HS,14-May-04,1,106
HS,14-May-04,1,103
HS,14-May-04,1,106
HS,14-May-04,1,109
HS,15-May-04,1,102
HS,16-May-04,1,112
HS,16-May-04,1,122
HS,16-May-04,1,121
HS,17-May-04,1,115
HS,20-May-04,1,131
HS,20-May-04,1,95
HS,21-May-04,1,107
HS,21-May-04,1,118
HS,22-May-04,1,104
HS,23-May-04,1,106
HS,27-May-04,1,106
HS,29-Apr-04,2,132
HS,30-Apr-04,2,111
HS,4-May-04,2,116
HS,5-May-04,2,119
HS,6-May-04,2,129
HS,9-May-04,2,118
HS,25-Apr-05,1,93
HS,1-May-05,1,77
HS,3-May-05,1,102
HS,4-May-05,1,113
HS,5-May-05,1,100
HS,5-May-05,1,114
HS,6-May-05,1,96
HS,6-May-05,1,107
HS,6-May-05,1,88
HS,8-May-05,1,103
HS,8-May-05,1,105
HS,9-May-05,1,102
HS,9-May-05,1,93
HS,9-May-05,1,92
HS,9-May-05,1,85
HS,10-May-05,1,103
HS,10-May-05,1,104
HS,10-May-05,1,100
HS,11-May-05,1,102
HS,11-May-05,1,89
HS,12-May-05,1,122
HS,12-May-05,1,93
HS,12-May-05,1,107
HS,12-May-05,1,102
HS,12-May-05,1,95
HS,13-May-05,1,104
HS,13-May-05,1,95
HS,13-May-05,1,98
HS,14-May-05,1,103
HS,15-May-05,1,111
HS,15-May-05,1,104
HS,15-May-05,1,110
HS,15-May-05,1,103
HS,15-May-05,1,95
HS,16-May-05,1,115
HS,16-May-05,1,100
HS,16-May-05,1,115
HS,16-May-05,1,101
HS,16-May-05,1,91
HS,16-May-05,1,90
HS,17-May-05,1,93
HS,17-May-05,1,116
HS,17-May-05,1,104
HS,18-May-05,1,102
HS,20-May-05,1,109
HS,21-May-05,1,100
HS,22-May-05,1,112
HS,24-May-05,1,114
HS,25-May-05,1,97
HS,25-May-05,1,110
HS,26-May-05,1,107
HS,27-May-05,1,118
HS,28-May-05,1,105
HS,30-May-05,1,109
HS,30-May-05,1,106
HS,31-May-05,1,111
HS,31-May-05,1,94
HS,4-May-05,2,119
HS,6-May-05,2,125
HS,9-May-05,2,119
HS,9-May-05,2,127
HS,11-May-05,2,118
HS,13-May-05,2,123
HS,16-May-05,2,121
HS,17-May-05,2,125
HS,17-May-05,2,121
HS,17-May-05,2,134
HS,18-May-05,2,122
HS,19-May-05,2,133
HS,26-Apr-99,1,87
HS,29-Apr-99,1,87
HS,30-Apr-99,1,88
HS,30-Apr-99,1,106
HS,5-May-99,1,96
HS,5-May-99,1,76
HS,7-May-99,1,95
HS,7-May-99,1,101
HS,8-May-99,1,93
HS,13-May-99,1,98
HS,13-May-99,1,95
HS,16-May-99,1,110
HS,17-May-99,1,101
HS,18-May-99,1,114
HS,18-May-99,1,112
HS,18-May-99,1,98
HS,18-May-99,1,101
HS,18-May-99,1,120
HS,18-May-99,1,108
HS,18-May-99,1,101
HS,18-May-99,1,96
HS,19-May-99,1,120
HS,19-May-99,1,109
HS,19-May-99,1,96
HS,20-May-99,1,97
HS,20-May-99,1,100
HS,20-May-99,1,101
HS,20-May-99,1,100
HS,20-May-99,1,108
HS,20-May-99,1,102
HS,20-May-99,1,96
HS,20-May-99,1,109
HS,20-May-99,1,97
HS,20-May-99,1,110
HS,20-May-99,1,94
HS,20-May-99,1,103
HS,20-May-99,1,116
HS,20-May-99,1,102
HS,20-May-99,1,103
HS,20-May-99,1,98
HS,20-May-99,1,100
HS,20-May-99,1,105
HS,21-May-99,1,109
HS,21-May-99,1,109
HS,21-May-99,1,107
HS,21-May-99,1,103
HS,21-May-99,1,104
HS,21-May-99,1,92
HS,21-May-99,1,111
HS,21-May-99,1,112
HS,21-May-99,1,84
HS,22-May-99,1,93
HS,22-May-99,1,93
HS,22-May-99,1,104
HS,22-May-99,1,104
HS,22-May-99,1,100
HS,22-May-99,1,102
HS,22-May-99,1,95
HS,22-May-99,1,112
HS,22-May-99,1,107
HS,23-May-99,1,111
HS,23-May-99,1,114
HS,23-May-99,1,107
HS,23-May-99,1,108
HS,28-May-99,1,99
HS,29-May-99,1,83
HS,29-May-99,1,88
HS,29-May-99,1,93
HS,30-May-99,1,95
HS,31-May-99,1,89
HS,31-May-99,1,84
HS,31-May-99,1,91
HS,1-Jun-99,1,94
HS,1-Jun-99,1,82
HS,2-Jun-99,1,93
HS,3-May-99,2,117
HS,13-May-99,2,130
HS,18-May-99,2,135
HS,19-May-99,2,137
HS,19-May-99,2,140
HS,19-May-99,2,138
HS,20-May-99,2,141
HS,20-May-99,2,136
HS,20-May-99,2,129
HS,20-May-99,2,125
HS,22-May-99,2,140
HS,22-May-99,2,147
HS,22-May-99,2,129
AL,15-May-00,2,165
AL,15-May-00,2,147
AL,15-May-00,2,129
AL,22-May-00,2,138
AL,5-May-95,2,152
AL,15-May-95,2,132
AL,15-May-95,2,123
AL,16-May-95,2,133
AL,19-May-95,2,135
AL,12-May-96,1,122
AL,13-May-96,1,112
AL,13-May-96,1,104
AL,14-May-96,1,110
AL,14-May-96,1,118
AL,14-May-96,1,104
AL,14-May-96,1,101
AL,15-May-96,1,123
AL,15-May-96,1,126
AL,16-May-96,1,118
AL,17-May-96,1,102
AL,17-May-96,1,105
AL,17-May-96,1,105
AL,17-May-96,1,107
AL,20-May-96,1,111
AL,20-May-96,1,113
AL,20-May-96,1,118
AL,21-May-96,1,108
AL,21-May-96,1,117
AL,21-May-96,1,123
AL,21-May-96,1,126
AL,22-May-96,1,100
AL,22-May-96,1,105
AL,22-May-96,1,109
AL,22-May-96,1,108
AL,22-May-96,1,116
AL,23-May-96,1,103
AL,23-May-96,1,97
AL,23-May-96,1,108
AL,23-May-96,1,112
AL,23-May-96,1,112
AL,25-May-96,1,102
AL,25-May-96,1,106
AL,28-May-96,1,120
AL,28-May-96,1,123
AL,29-May-96,1,103
AL,31-May-96,1,108
AL,31-May-96,1,112
AL,31-May-96,1,96
AL,31-May-96,1,98
AL,1-Jun-96,1,100
AL,4-Jun-96,1,102
AL,4-Jun-96,1,102
AL,6-Jun-96,1,94
AL,6-Jun-96,1,113
AL,6-Jun-96,1,119
AL,7-Jun-96,1,101
AL,13-Jun-96,1,105
AL,19-May-98,1,100
AL,19-May-98,1,122
AL,19-May-98,1,127
AL,21-May-98,1,112
BR,28-May-99,2,102
BR,10-May-98,2,120
BR,14-May-98,2,114
BR,14-May-04,2,114
BR,28-May-99,2,115
BR,28-May-99,2,109
BR,25-May-99,2,156
BR,10-May-98,2,114
BR,25-May-02,2,90
BR,26-May-02,2,115
BR,25-May-00,2,114
HS,29-May-05,1,108
HS,17-May-05,1,107
HS,4-May-03,1,137
HS,27-May-02,2,129
HS,21-May-02,1,111
BR,16-May-05,2,132
BR,17-May-98,1,99
BR,17-May-98,2,110
BR,17-May-98,2,110
BR,30-May-98,2,112
BR,30-May-98,2,99
BR,31-May-98,2,115
HS,8-May-01,1,102
HS,20-May-01,1,115
